[{"scores": {"1886821836880": 0, "1886821841552": 0}, "next_player": {"name": "skypiea_v2_1_1", "id": 1886821836880, "piece_type": "W"}, "players": [{"name": "skypiea_v2_1_1", "id": 1886821836880, "piece_type": "W"}, {"name": "skypiea_v2_3_2", "id": 1886821841552, "piece_type": "B"}], "rep": {"env": {}, "dim": [9, 9]}, "max_step": 40, "step": 0, "players_pieces_left": {"1886821836880": {"RC": 2, "RR": 3, "GC": 2, "GR": 3, "BC": 2, "BR": 3, "YC": 2, "YR": 3}, "1886821841552": {"RC": 2, "RR": 3, "GC": 2, "GR": 3, "BC": 2, "BR": 3, "YC": 2, "YR": 3}}}, {"scores": {"1886821836880": 0, "1886821841552": 0}, "next_player": {"name": "skypiea_v2_3_2", "id": 1886821841552, "piece_type": "B"}, "players": [{"name": "skypiea_v2_1_1", "id": 1886821836880, "piece_type": "W"}, {"name": "skypiea_v2_3_2", "id": 1886821841552, "piece_type": "B"}], "rep": {"env": {"(6, 5)": {"piece_type": "BCW", "owner_id": 1886821836880}}, "dim": [9, 9]}, "max_step": 40, "step": 1, "players_pieces_left": {"1886821836880": {"RC": 2, "RR": 3, "GC": 2, "GR": 3, "BC": 1, "BR": 3, "YC": 2, "YR": 3}, "1886821841552": {"RC": 2, "RR": 3, "GC": 2, "GR": 3, "BC": 2, "BR": 3, "YC": 2, "YR": 3}}}, {"scores": {"1886821836880": 0, "1886821841552": 0}, "next_player": {"name": "skypiea_v2_1_1", "id": 1886821836880, "piece_type": "W"}, "players": [{"name": "skypiea_v2_1_1", "id": 1886821836880, "piece_type": "W"}, {"name": "skypiea_v2_3_2", "id": 1886821841552, "piece_type": "B"}], "rep": {"env": {"(6, 5)": {"piece_type": "BCW", "owner_id": 1886821836880}, "(3, 4)": {"piece_type": "RCB", "owner_id": 1886821841552}}, "dim": [9, 9]}, "max_step": 40, "step": 2, "players_pieces_left": {"1886821836880": {"RC": 2, "RR": 3, "GC": 2, "GR": 3, "BC": 1, "BR": 3, "YC": 2, "YR": 3}, "1886821841552": {"RC": 1, "RR": 3, "GC": 2, "GR": 3, "BC": 2, "BR": 3, "YC": 2, "YR": 3}}}, {"scores": {"1886821836880": 1, "1886821841552": 0}, "next_player": {"name": "skypiea_v2_3_2", "id": 1886821841552, "piece_type": "B"}, "players": [{"name": "skypiea_v2_1_1", "id": 1886821836880, "piece_type": "W"}, {"name": "skypiea_v2_3_2", "id": 1886821841552, "piece_type": "B"}], "rep": {"env": {"(6, 5)": {"piece_type": "BCW", "owner_id": 1886821836880}, "(3, 4)": {"piece_type": "RCB", "owner_id": 1886821841552}, "(6, 4)": {"piece_type": "BRW", "owner_id": 1886821836880}}, "dim": [9, 9]}, "max_step": 40, "step": 3, "players_pieces_left": {"1886821836880": {"RC": 2, "RR": 3, "GC": 2, "GR": 3, "BC": 1, "BR": 2, "YC": 2, "YR": 3}, "1886821841552": {"RC": 1, "RR": 3, "GC": 2, "GR": 3, "BC": 2, "BR": 3, "YC": 2, "YR": 3}}}, {"scores": {"1886821836880": 1, "1886821841552": 1}, "next_player": {"name": "skypiea_v2_1_1", "id": 1886821836880, "piece_type": "W"}, "players": [{"name": "skypiea_v2_1_1", "id": 1886821836880, "piece_type": "W"}, {"name": "skypiea_v2_3_2", "id": 1886821841552, "piece_type": "B"}], "rep": {"env": {"(6, 5)": {"piece_type": "BCW", "owner_id": 1886821836880}, "(3, 4)": {"piece_type": "RCB", "owner_id": 1886821841552}, "(6, 4)": {"piece_type": "BRW", "owner_id": 1886821836880}, "(7, 4)": {"piece_type": "BCB", "owner_id": 1886821841552}}, "dim": [9, 9]}, "max_step": 40, "step": 4, "players_pieces_left": {"1886821836880": {"RC": 2, "RR": 3, "GC": 2, "GR": 3, "BC": 1, "BR": 2, "YC": 2, "YR": 3}, "1886821841552": {"RC": 1, "RR": 3, "GC": 2, "GR": 3, "BC": 1, "BR": 3, "YC": 2, "YR": 3}}}, {"scores": {"1886821836880": 2, "1886821841552": 1}, "next_player": {"name": "skypiea_v2_3_2", "id": 1886821841552, "piece_type": "B"}, "players": [{"name": "skypiea_v2_1_1", "id": 1886821836880, "piece_type": "W"}, {"name": "skypiea_v2_3_2", "id": 1886821841552, "piece_type": "B"}], "rep": {"env": {"(6, 5)": {"piece_type": "BCW", "owner_id": 1886821836880}, "(3, 4)": {"piece_type": "RCB", "owner_id": 1886821841552}, "(6, 4)": {"piece_type": "BRW", "owner_id": 1886821836880}, "(7, 4)": {"piece_type": "BCB", "owner_id": 1886821841552}, "(6, 3)": {"piece_type": "BCW", "owner_id": 1886821836880}}, "dim": [9, 9]}, "max_step": 40, "step": 5, "players_pieces_left": {"1886821836880": {"RC": 2, "RR": 3, "GC": 2, "GR": 3, "BC": 0, "BR": 2, "YC": 2, "YR": 3}, "1886821841552": {"RC": 1, "RR": 3, "GC": 2, "GR": 3, "BC": 1, "BR": 3, "YC": 2, "YR": 3}}}, {"scores": {"1886821836880": 2, "1886821841552": 2}, "next_player": {"name": "skypiea_v2_1_1", "id": 1886821836880, "piece_type": "W"}, "players": [{"name": "skypiea_v2_1_1", "id": 1886821836880, "piece_type": "W"}, {"name": "skypiea_v2_3_2", "id": 1886821841552, "piece_type": "B"}], "rep": {"env": {"(6, 5)": {"piece_type": "BCW", "owner_id": 1886821836880}, "(3, 4)": {"piece_type": "RCB", "owner_id": 1886821841552}, "(6, 4)": {"piece_type": "BRW", "owner_id": 1886821836880}, "(7, 4)": {"piece_type": "BCB", "owner_id": 1886821841552}, "(6, 3)": {"piece_type": "BCW", "owner_id": 1886821836880}, "(5, 4)": {"piece_type": "BCB", "owner_id": 1886821841552}}, "dim": [9, 9]}, "max_step": 40, "step": 6, "players_pieces_left": {"1886821836880": {"RC": 2, "RR": 3, "GC": 2, "GR": 3, "BC": 0, "BR": 2, "YC": 2, "YR": 3}, "1886821841552": {"RC": 1, "RR": 3, "GC": 2, "GR": 3, "BC": 0, "BR": 3, "YC": 2, "YR": 3}}}, {"scores": {"1886821836880": 2, "1886821841552": 2}, "next_player": {"name": "skypiea_v2_3_2", "id": 1886821841552, "piece_type": "B"}, "players": [{"name": "skypiea_v2_1_1", "id": 1886821836880, "piece_type": "W"}, {"name": "skypiea_v2_3_2", "id": 1886821841552, "piece_type": "B"}], "rep": {"env": {"(6, 5)": {"piece_type": "BCW", "owner_id": 1886821836880}, "(3, 4)": {"piece_type": "RCB", "owner_id": 1886821841552}, "(6, 4)": {"piece_type": "BRW", "owner_id": 1886821836880}, "(7, 4)": {"piece_type": "BCB", "owner_id": 1886821841552}, "(6, 3)": {"piece_type": "BCW", "owner_id": 1886821836880}, "(5, 4)": {"piece_type": "BCB", "owner_id": 1886821841552}, "(3, 6)": {"piece_type": "RCW", "owner_id": 1886821836880}}, "dim": [9, 9]}, "max_step": 40, "step": 7, "players_pieces_left": {"1886821836880": {"RC": 1, "RR": 3, "GC": 2, "GR": 3, "BC": 0, "BR": 2, "YC": 2, "YR": 3}, "1886821841552": {"RC": 1, "RR": 3, "GC": 2, "GR": 3, "BC": 0, "BR": 3, "YC": 2, "YR": 3}}}, {"scores": {"1886821836880": 2, "1886821841552": 2}, "next_player": {"name": "skypiea_v2_1_1", "id": 1886821836880, "piece_type": "W"}, "players": [{"name": "skypiea_v2_1_1", "id": 1886821836880, "piece_type": "W"}, {"name": "skypiea_v2_3_2", "id": 1886821841552, "piece_type": "B"}], "rep": {"env": {"(6, 5)": {"piece_type": "BCW", "owner_id": 1886821836880}, "(3, 4)": {"piece_type": "RCB", "owner_id": 1886821841552}, "(6, 4)": {"piece_type": "BRW", "owner_id": 1886821836880}, "(7, 4)": {"piece_type": "BCB", "owner_id": 1886821841552}, "(6, 3)": {"piece_type": "BCW", "owner_id": 1886821836880}, "(5, 4)": {"piece_type": "BCB", "owner_id": 1886821841552}, "(3, 6)": {"piece_type": "RCW", "owner_id": 1886821836880}, "(1, 4)": {"piece_type": "GCB", "owner_id": 1886821841552}}, "dim": [9, 9]}, "max_step": 40, "step": 8, "players_pieces_left": {"1886821836880": {"RC": 1, "RR": 3, "GC": 2, "GR": 3, "BC": 0, "BR": 2, "YC": 2, "YR": 3}, "1886821841552": {"RC": 1, "RR": 3, "GC": 1, "GR": 3, "BC": 0, "BR": 3, "YC": 2, "YR": 3}}}, {"scores": {"1886821836880": 2, "1886821841552": 2}, "next_player": {"name": "skypiea_v2_3_2", "id": 1886821841552, "piece_type": "B"}, "players": [{"name": "skypiea_v2_1_1", "id": 1886821836880, "piece_type": "W"}, {"name": "skypiea_v2_3_2", "id": 1886821841552, "piece_type": "B"}], "rep": {"env": {"(6, 5)": {"piece_type": "BCW", "owner_id": 1886821836880}, "(3, 4)": {"piece_type": "RCB", "owner_id": 1886821841552}, "(6, 4)": {"piece_type": "BRW", "owner_id": 1886821836880}, "(7, 4)": {"piece_type": "BCB", "owner_id": 1886821841552}, "(6, 3)": {"piece_type": "BCW", "owner_id": 1886821836880}, "(5, 4)": {"piece_type": "BCB", "owner_id": 1886821841552}, "(3, 6)": {"piece_type": "RCW", "owner_id": 1886821836880}, "(1, 4)": {"piece_type": "GCB", "owner_id": 1886821841552}, "(4, 1)": {"piece_type": "RCW", "owner_id": 1886821836880}}, "dim": [9, 9]}, "max_step": 40, "step": 9, "players_pieces_left": {"1886821836880": {"RC": 0, "RR": 3, "GC": 2, "GR": 3, "BC": 0, "BR": 2, "YC": 2, "YR": 3}, "1886821841552": {"RC": 1, "RR": 3, "GC": 1, "GR": 3, "BC": 0, "BR": 3, "YC": 2, "YR": 3}}}, {"scores": {"1886821836880": 2, "1886821841552": 2}, "next_player": {"name": "skypiea_v2_1_1", "id": 1886821836880, "piece_type": "W"}, "players": [{"name": "skypiea_v2_1_1", "id": 1886821836880, "piece_type": "W"}, {"name": "skypiea_v2_3_2", "id": 1886821841552, "piece_type": "B"}], "rep": {"env": {"(6, 5)": {"piece_type": "BCW", "owner_id": 1886821836880}, "(3, 4)": {"piece_type": "RCB", "owner_id": 1886821841552}, "(6, 4)": {"piece_type": "BRW", "owner_id": 1886821836880}, "(7, 4)": {"piece_type": "BCB", "owner_id": 1886821841552}, "(6, 3)": {"piece_type": "BCW", "owner_id": 1886821836880}, "(5, 4)": {"piece_type": "BCB", "owner_id": 1886821841552}, "(3, 6)": {"piece_type": "RCW", "owner_id": 1886821836880}, "(1, 4)": {"piece_type": "GCB", "owner_id": 1886821841552}, "(4, 1)": {"piece_type": "RCW", "owner_id": 1886821836880}, "(2, 3)": {"piece_type": "RCB", "owner_id": 1886821841552}}, "dim": [9, 9]}, "max_step": 40, "step": 10, "players_pieces_left": {"1886821836880": {"RC": 0, "RR": 3, "GC": 2, "GR": 3, "BC": 0, "BR": 2, "YC": 2, "YR": 3}, "1886821841552": {"RC": 0, "RR": 3, "GC": 1, "GR": 3, "BC": 0, "BR": 3, "YC": 2, "YR": 3}}}, {"scores": {"1886821836880": 2, "1886821841552": 2}, "next_player": {"name": "skypiea_v2_3_2", "id": 1886821841552, "piece_type": "B"}, "players": [{"name": "skypiea_v2_1_1", "id": 1886821836880, "piece_type": "W"}, {"name": "skypiea_v2_3_2", "id": 1886821841552, "piece_type": "B"}], "rep": {"env": {"(6, 5)": {"piece_type": "BCW", "owner_id": 1886821836880}, "(3, 4)": {"piece_type": "RCB", "owner_id": 1886821841552}, "(6, 4)": {"piece_type": "BRW", "owner_id": 1886821836880}, "(7, 4)": {"piece_type": "BCB", "owner_id": 1886821841552}, "(6, 3)": {"piece_type": "BCW", "owner_id": 1886821836880}, "(5, 4)": {"piece_type": "BCB", "owner_id": 1886821841552}, "(3, 6)": {"piece_type": "RCW", "owner_id": 1886821836880}, "(1, 4)": {"piece_type": "GCB", "owner_id": 1886821841552}, "(4, 1)": {"piece_type": "RCW", "owner_id": 1886821836880}, "(2, 3)": {"piece_type": "RCB", "owner_id": 1886821841552}, "(4, 3)": {"piece_type": "YCW", "owner_id": 1886821836880}}, "dim": [9, 9]}, "max_step": 40, "step": 11, "players_pieces_left": {"1886821836880": {"RC": 0, "RR": 3, "GC": 2, "GR": 3, "BC": 0, "BR": 2, "YC": 1, "YR": 3}, "1886821841552": {"RC": 0, "RR": 3, "GC": 1, "GR": 3, "BC": 0, "BR": 3, "YC": 2, "YR": 3}}}, {"scores": {"1886821836880": 2, "1886821841552": 2}, "next_player": {"name": "skypiea_v2_1_1", "id": 1886821836880, "piece_type": "W"}, "players": [{"name": "skypiea_v2_1_1", "id": 1886821836880, "piece_type": "W"}, {"name": "skypiea_v2_3_2", "id": 1886821841552, "piece_type": "B"}], "rep": {"env": {"(6, 5)": {"piece_type": "BCW", "owner_id": 1886821836880}, "(3, 4)": {"piece_type": "RCB", "owner_id": 1886821841552}, "(6, 4)": {"piece_type": "BRW", "owner_id": 1886821836880}, "(7, 4)": {"piece_type": "BCB", "owner_id": 1886821841552}, "(6, 3)": {"piece_type": "BCW", "owner_id": 1886821836880}, "(5, 4)": {"piece_type": "BCB", "owner_id": 1886821841552}, "(3, 6)": {"piece_type": "RCW", "owner_id": 1886821836880}, "(1, 4)": {"piece_type": "GCB", "owner_id": 1886821841552}, "(4, 1)": {"piece_type": "RCW", "owner_id": 1886821836880}, "(2, 3)": {"piece_type": "RCB", "owner_id": 1886821841552}, "(4, 3)": {"piece_type": "YCW", "owner_id": 1886821836880}, "(4, 5)": {"piece_type": "GCB", "owner_id": 1886821841552}}, "dim": [9, 9]}, "max_step": 40, "step": 12, "players_pieces_left": {"1886821836880": {"RC": 0, "RR": 3, "GC": 2, "GR": 3, "BC": 0, "BR": 2, "YC": 1, "YR": 3}, "1886821841552": {"RC": 0, "RR": 3, "GC": 0, "GR": 3, "BC": 0, "BR": 3, "YC": 2, "YR": 3}}}, {"scores": {"1886821836880": 2, "1886821841552": 2}, "next_player": {"name": "skypiea_v2_3_2", "id": 1886821841552, "piece_type": "B"}, "players": [{"name": "skypiea_v2_1_1", "id": 1886821836880, "piece_type": "W"}, {"name": "skypiea_v2_3_2", "id": 1886821841552, "piece_type": "B"}], "rep": {"env": {"(6, 5)": {"piece_type": "BCW", "owner_id": 1886821836880}, "(3, 4)": {"piece_type": "RCB", "owner_id": 1886821841552}, "(6, 4)": {"piece_type": "BRW", "owner_id": 1886821836880}, "(7, 4)": {"piece_type": "BCB", "owner_id": 1886821841552}, "(6, 3)": {"piece_type": "BCW", "owner_id": 1886821836880}, "(5, 4)": {"piece_type": "BCB", "owner_id": 1886821841552}, "(3, 6)": {"piece_type": "RCW", "owner_id": 1886821836880}, "(1, 4)": {"piece_type": "GCB", "owner_id": 1886821841552}, "(4, 1)": {"piece_type": "RCW", "owner_id": 1886821836880}, "(2, 3)": {"piece_type": "RCB", "owner_id": 1886821841552}, "(4, 3)": {"piece_type": "YCW", "owner_id": 1886821836880}, "(4, 5)": {"piece_type": "GCB", "owner_id": 1886821841552}, "(3, 2)": {"piece_type": "GCW", "owner_id": 1886821836880}}, "dim": [9, 9]}, "max_step": 40, "step": 13, "players_pieces_left": {"1886821836880": {"RC": 0, "RR": 3, "GC": 1, "GR": 3, "BC": 0, "BR": 2, "YC": 1, "YR": 3}, "1886821841552": {"RC": 0, "RR": 3, "GC": 0, "GR": 3, "BC": 0, "BR": 3, "YC": 2, "YR": 3}}}, {"scores": {"1886821836880": 2, "1886821841552": 2}, "next_player": {"name": "skypiea_v2_1_1", "id": 1886821836880, "piece_type": "W"}, "players": [{"name": "skypiea_v2_1_1", "id": 1886821836880, "piece_type": "W"}, {"name": "skypiea_v2_3_2", "id": 1886821841552, "piece_type": "B"}], "rep": {"env": {"(6, 5)": {"piece_type": "BCW", "owner_id": 1886821836880}, "(3, 4)": {"piece_type": "RCB", "owner_id": 1886821841552}, "(6, 4)": {"piece_type": "BRW", "owner_id": 1886821836880}, "(7, 4)": {"piece_type": "BCB", "owner_id": 1886821841552}, "(6, 3)": {"piece_type": "BCW", "owner_id": 1886821836880}, "(5, 4)": {"piece_type": "BCB", "owner_id": 1886821841552}, "(3, 6)": {"piece_type": "RCW", "owner_id": 1886821836880}, "(1, 4)": {"piece_type": "GCB", "owner_id": 1886821841552}, "(4, 1)": {"piece_type": "RCW", "owner_id": 1886821836880}, "(2, 3)": {"piece_type": "RCB", "owner_id": 1886821841552}, "(4, 3)": {"piece_type": "YCW", "owner_id": 1886821836880}, "(4, 5)": {"piece_type": "GCB", "owner_id": 1886821841552}, "(3, 2)": {"piece_type": "GCW", "owner_id": 1886821836880}, "(2, 5)": {"piece_type": "YCB", "owner_id": 1886821841552}}, "dim": [9, 9]}, "max_step": 40, "step": 14, "players_pieces_left": {"1886821836880": {"RC": 0, "RR": 3, "GC": 1, "GR": 3, "BC": 0, "BR": 2, "YC": 1, "YR": 3}, "1886821841552": {"RC": 0, "RR": 3, "GC": 0, "GR": 3, "BC": 0, "BR": 3, "YC": 1, "YR": 3}}}, {"scores": {"1886821836880": 2, "1886821841552": 2}, "next_player": {"name": "skypiea_v2_3_2", "id": 1886821841552, "piece_type": "B"}, "players": [{"name": "skypiea_v2_1_1", "id": 1886821836880, "piece_type": "W"}, {"name": "skypiea_v2_3_2", "id": 1886821841552, "piece_type": "B"}], "rep": {"env": {"(6, 5)": {"piece_type": "BCW", "owner_id": 1886821836880}, "(3, 4)": {"piece_type": "RCB", "owner_id": 1886821841552}, "(6, 4)": {"piece_type": "BRW", "owner_id": 1886821836880}, "(7, 4)": {"piece_type": "BCB", "owner_id": 1886821841552}, "(6, 3)": {"piece_type": "BCW", "owner_id": 1886821836880}, "(5, 4)": {"piece_type": "BCB", "owner_id": 1886821841552}, "(3, 6)": {"piece_type": "RCW", "owner_id": 1886821836880}, "(1, 4)": {"piece_type": "GCB", "owner_id": 1886821841552}, "(4, 1)": {"piece_type": "RCW", "owner_id": 1886821836880}, "(2, 3)": {"piece_type": "RCB", "owner_id": 1886821841552}, "(4, 3)": {"piece_type": "YCW", "owner_id": 1886821836880}, "(4, 5)": {"piece_type": "GCB", "owner_id": 1886821841552}, "(3, 2)": {"piece_type": "GCW", "owner_id": 1886821836880}, "(2, 5)": {"piece_type": "YCB", "owner_id": 1886821841552}, "(5, 6)": {"piece_type": "GCW", "owner_id": 1886821836880}}, "dim": [9, 9]}, "max_step": 40, "step": 15, "players_pieces_left": {"1886821836880": {"RC": 0, "RR": 3, "GC": 0, "GR": 3, "BC": 0, "BR": 2, "YC": 1, "YR": 3}, "1886821841552": {"RC": 0, "RR": 3, "GC": 0, "GR": 3, "BC": 0, "BR": 3, "YC": 1, "YR": 3}}}, {"scores": {"1886821836880": 2, "1886821841552": 2}, "next_player": {"name": "skypiea_v2_1_1", "id": 1886821836880, "piece_type": "W"}, "players": [{"name": "skypiea_v2_1_1", "id": 1886821836880, "piece_type": "W"}, {"name": "skypiea_v2_3_2", "id": 1886821841552, "piece_type": "B"}], "rep": {"env": {"(6, 5)": {"piece_type": "BCW", "owner_id": 1886821836880}, "(3, 4)": {"piece_type": "RCB", "owner_id": 1886821841552}, "(6, 4)": {"piece_type": "BRW", "owner_id": 1886821836880}, "(7, 4)": {"piece_type": "BCB", "owner_id": 1886821841552}, "(6, 3)": {"piece_type": "BCW", "owner_id": 1886821836880}, "(5, 4)": {"piece_type": "BCB", "owner_id": 1886821841552}, "(3, 6)": {"piece_type": "RCW", "owner_id": 1886821836880}, "(1, 4)": {"piece_type": "GCB", "owner_id": 1886821841552}, "(4, 1)": {"piece_type": "RCW", "owner_id": 1886821836880}, "(2, 3)": {"piece_type": "RCB", "owner_id": 1886821841552}, "(4, 3)": {"piece_type": "YCW", "owner_id": 1886821836880}, "(4, 5)": {"piece_type": "GCB", "owner_id": 1886821841552}, "(3, 2)": {"piece_type": "GCW", "owner_id": 1886821836880}, "(2, 5)": {"piece_type": "YCB", "owner_id": 1886821841552}, "(5, 6)": {"piece_type": "GCW", "owner_id": 1886821836880}, "(4, 7)": {"piece_type": "YCB", "owner_id": 1886821841552}}, "dim": [9, 9]}, "max_step": 40, "step": 16, "players_pieces_left": {"1886821836880": {"RC": 0, "RR": 3, "GC": 0, "GR": 3, "BC": 0, "BR": 2, "YC": 1, "YR": 3}, "1886821841552": {"RC": 0, "RR": 3, "GC": 0, "GR": 3, "BC": 0, "BR": 3, "YC": 0, "YR": 3}}}, {"scores": {"1886821836880": 2, "1886821841552": 2}, "next_player": {"name": "skypiea_v2_3_2", "id": 1886821841552, "piece_type": "B"}, "players": [{"name": "skypiea_v2_1_1", "id": 1886821836880, "piece_type": "W"}, {"name": "skypiea_v2_3_2", "id": 1886821841552, "piece_type": "B"}], "rep": {"env": {"(6, 5)": {"piece_type": "BCW", "owner_id": 1886821836880}, "(3, 4)": {"piece_type": "RCB", "owner_id": 1886821841552}, "(6, 4)": {"piece_type": "BRW", "owner_id": 1886821836880}, "(7, 4)": {"piece_type": "BCB", "owner_id": 1886821841552}, "(6, 3)": {"piece_type": "BCW", "owner_id": 1886821836880}, "(5, 4)": {"piece_type": "BCB", "owner_id": 1886821841552}, "(3, 6)": {"piece_type": "RCW", "owner_id": 1886821836880}, "(1, 4)": {"piece_type": "GCB", "owner_id": 1886821841552}, "(4, 1)": {"piece_type": "RCW", "owner_id": 1886821836880}, "(2, 3)": {"piece_type": "RCB", "owner_id": 1886821841552}, "(4, 3)": {"piece_type": "YCW", "owner_id": 1886821836880}, "(4, 5)": {"piece_type": "GCB", "owner_id": 1886821841552}, "(3, 2)": {"piece_type": "GCW", "owner_id": 1886821836880}, "(2, 5)": {"piece_type": "YCB", "owner_id": 1886821841552}, "(5, 6)": {"piece_type": "GCW", "owner_id": 1886821836880}, "(4, 7)": {"piece_type": "YCB", "owner_id": 1886821841552}, "(5, 2)": {"piece_type": "YCW", "owner_id": 1886821836880}}, "dim": [9, 9]}, "max_step": 40, "step": 17, "players_pieces_left": {"1886821836880": {"RC": 0, "RR": 3, "GC": 0, "GR": 3, "BC": 0, "BR": 2, "YC": 0, "YR": 3}, "1886821841552": {"RC": 0, "RR": 3, "GC": 0, "GR": 3, "BC": 0, "BR": 3, "YC": 0, "YR": 3}}}, {"scores": {"1886821836880": 2, "1886821841552": 4}, "next_player": {"name": "skypiea_v2_1_1", "id": 1886821836880, "piece_type": "W"}, "players": [{"name": "skypiea_v2_1_1", "id": 1886821836880, "piece_type": "W"}, {"name": "skypiea_v2_3_2", "id": 1886821841552, "piece_type": "B"}], "rep": {"env": {"(6, 5)": {"piece_type": "BCW", "owner_id": 1886821836880}, "(3, 4)": {"piece_type": "RCB", "owner_id": 1886821841552}, "(6, 4)": {"piece_type": "BRW", "owner_id": 1886821836880}, "(7, 4)": {"piece_type": "BCB", "owner_id": 1886821841552}, "(6, 3)": {"piece_type": "BCW", "owner_id": 1886821836880}, "(5, 4)": {"piece_type": "BCB", "owner_id": 1886821841552}, "(3, 6)": {"piece_type": "RCW", "owner_id": 1886821836880}, "(1, 4)": {"piece_type": "GCB", "owner_id": 1886821841552}, "(4, 1)": {"piece_type": "RCW", "owner_id": 1886821836880}, "(2, 3)": {"piece_type": "RCB", "owner_id": 1886821841552}, "(4, 3)": {"piece_type": "YCW", "owner_id": 1886821836880}, "(4, 5)": {"piece_type": "GCB", "owner_id": 1886821841552}, "(3, 2)": {"piece_type": "GCW", "owner_id": 1886821836880}, "(2, 5)": {"piece_type": "YCB", "owner_id": 1886821841552}, "(5, 6)": {"piece_type": "GCW", "owner_id": 1886821836880}, "(4, 7)": {"piece_type": "YCB", "owner_id": 1886821841552}, "(5, 2)": {"piece_type": "YCW", "owner_id": 1886821836880}, "(3, 3)": {"piece_type": "RRB", "owner_id": 1886821841552}}, "dim": [9, 9]}, "max_step": 40, "step": 18, "players_pieces_left": {"1886821836880": {"RC": 0, "RR": 3, "GC": 0, "GR": 3, "BC": 0, "BR": 2, "YC": 0, "YR": 3}, "1886821841552": {"RC": 0, "RR": 2, "GC": 0, "GR": 3, "BC": 0, "BR": 3, "YC": 0, "YR": 3}}}, {"scores": {"1886821836880": 4, "1886821841552": 4}, "next_player": {"name": "skypiea_v2_3_2", "id": 1886821841552, "piece_type": "B"}, "players": [{"name": "skypiea_v2_1_1", "id": 1886821836880, "piece_type": "W"}, {"name": "skypiea_v2_3_2", "id": 1886821841552, "piece_type": "B"}], "rep": {"env": {"(6, 5)": {"piece_type": "BCW", "owner_id": 1886821836880}, "(3, 4)": {"piece_type": "RCB", "owner_id": 1886821841552}, "(6, 4)": {"piece_type": "BRW", "owner_id": 1886821836880}, "(7, 4)": {"piece_type": "BCB", "owner_id": 1886821841552}, "(6, 3)": {"piece_type": "BCW", "owner_id": 1886821836880}, "(5, 4)": {"piece_type": "BCB", "owner_id": 1886821841552}, "(3, 6)": {"piece_type": "RCW", "owner_id": 1886821836880}, "(1, 4)": {"piece_type": "GCB", "owner_id": 1886821841552}, "(4, 1)": {"piece_type": "RCW", "owner_id": 1886821836880}, "(2, 3)": {"piece_type": "RCB", "owner_id": 1886821841552}, "(4, 3)": {"piece_type": "YCW", "owner_id": 1886821836880}, "(4, 5)": {"piece_type": "GCB", "owner_id": 1886821841552}, "(3, 2)": {"piece_type": "GCW", "owner_id": 1886821836880}, "(2, 5)": {"piece_type": "YCB", "owner_id": 1886821841552}, "(5, 6)": {"piece_type": "GCW", "owner_id": 1886821836880}, "(4, 7)": {"piece_type": "YCB", "owner_id": 1886821841552}, "(5, 2)": {"piece_type": "YCW", "owner_id": 1886821836880}, "(3, 3)": {"piece_type": "RRB", "owner_id": 1886821841552}, "(4, 2)": {"piece_type": "YRW", "owner_id": 1886821836880}}, "dim": [9, 9]}, "max_step": 40, "step": 19, "players_pieces_left": {"1886821836880": {"RC": 0, "RR": 3, "GC": 0, "GR": 3, "BC": 0, "BR": 2, "YC": 0, "YR": 2}, "1886821841552": {"RC": 0, "RR": 2, "GC": 0, "GR": 3, "BC": 0, "BR": 3, "YC": 0, "YR": 3}}}, {"scores": {"1886821836880": 4, "1886821841552": 5}, "next_player": {"name": "skypiea_v2_1_1", "id": 1886821836880, "piece_type": "W"}, "players": [{"name": "skypiea_v2_1_1", "id": 1886821836880, "piece_type": "W"}, {"name": "skypiea_v2_3_2", "id": 1886821841552, "piece_type": "B"}], "rep": {"env": {"(6, 5)": {"piece_type": "BCW", "owner_id": 1886821836880}, "(3, 4)": {"piece_type": "RCB", "owner_id": 1886821841552}, "(6, 4)": {"piece_type": "BRW", "owner_id": 1886821836880}, "(7, 4)": {"piece_type": "BCB", "owner_id": 1886821841552}, "(6, 3)": {"piece_type": "BCW", "owner_id": 1886821836880}, "(5, 4)": {"piece_type": "BCB", "owner_id": 1886821841552}, "(3, 6)": {"piece_type": "RCW", "owner_id": 1886821836880}, "(1, 4)": {"piece_type": "GCB", "owner_id": 1886821841552}, "(4, 1)": {"piece_type": "RCW", "owner_id": 1886821836880}, "(2, 3)": {"piece_type": "RCB", "owner_id": 1886821841552}, "(4, 3)": {"piece_type": "YCW", "owner_id": 1886821836880}, "(4, 5)": {"piece_type": "GCB", "owner_id": 1886821841552}, "(3, 2)": {"piece_type": "GCW", "owner_id": 1886821836880}, "(2, 5)": {"piece_type": "YCB", "owner_id": 1886821841552}, "(5, 6)": {"piece_type": "GCW", "owner_id": 1886821836880}, "(4, 7)": {"piece_type": "YCB", "owner_id": 1886821841552}, "(5, 2)": {"piece_type": "YCW", "owner_id": 1886821836880}, "(3, 3)": {"piece_type": "RRB", "owner_id": 1886821841552}, "(4, 2)": {"piece_type": "YRW", "owner_id": 1886821836880}, "(3, 5)": {"piece_type": "GRB", "owner_id": 1886821841552}}, "dim": [9, 9]}, "max_step": 40, "step": 20, "players_pieces_left": {"1886821836880": {"RC": 0, "RR": 3, "GC": 0, "GR": 3, "BC": 0, "BR": 2, "YC": 0, "YR": 2}, "1886821841552": {"RC": 0, "RR": 2, "GC": 0, "GR": 2, "BC": 0, "BR": 3, "YC": 0, "YR": 3}}}, {"scores": {"1886821836880": 6, "1886821841552": 5}, "next_player": {"name": "skypiea_v2_3_2", "id": 1886821841552, "piece_type": "B"}, "players": [{"name": "skypiea_v2_1_1", "id": 1886821836880, "piece_type": "W"}, {"name": "skypiea_v2_3_2", "id": 1886821841552, "piece_type": "B"}], "rep": {"env": {"(6, 5)": {"piece_type": "BCW", "owner_id": 1886821836880}, "(3, 4)": {"piece_type": "RCB", "owner_id": 1886821841552}, "(6, 4)": {"piece_type": "BRW", "owner_id": 1886821836880}, "(7, 4)": {"piece_type": "BCB", "owner_id": 1886821841552}, "(6, 3)": {"piece_type": "BCW", "owner_id": 1886821836880}, "(5, 4)": {"piece_type": "BCB", "owner_id": 1886821841552}, "(3, 6)": {"piece_type": "RCW", "owner_id": 1886821836880}, "(1, 4)": {"piece_type": "GCB", "owner_id": 1886821841552}, "(4, 1)": {"piece_type": "RCW", "owner_id": 1886821836880}, "(2, 3)": {"piece_type": "RCB", "owner_id": 1886821841552}, "(4, 3)": {"piece_type": "YCW", "owner_id": 1886821836880}, "(4, 5)": {"piece_type": "GCB", "owner_id": 1886821841552}, "(3, 2)": {"piece_type": "GCW", "owner_id": 1886821836880}, "(2, 5)": {"piece_type": "YCB", "owner_id": 1886821841552}, "(5, 6)": {"piece_type": "GCW", "owner_id": 1886821836880}, "(4, 7)": {"piece_type": "YCB", "owner_id": 1886821841552}, "(5, 2)": {"piece_type": "YCW", "owner_id": 1886821836880}, "(3, 3)": {"piece_type": "RRB", "owner_id": 1886821841552}, "(4, 2)": {"piece_type": "YRW", "owner_id": 1886821836880}, "(3, 5)": {"piece_type": "GRB", "owner_id": 1886821841552}, "(5, 3)": {"piece_type": "YRW", "owner_id": 1886821836880}}, "dim": [9, 9]}, "max_step": 40, "step": 21, "players_pieces_left": {"1886821836880": {"RC": 0, "RR": 3, "GC": 0, "GR": 3, "BC": 0, "BR": 2, "YC": 0, "YR": 1}, "1886821841552": {"RC": 0, "RR": 2, "GC": 0, "GR": 2, "BC": 0, "BR": 3, "YC": 0, "YR": 3}}}, {"scores": {"1886821836880": 6, "1886821841552": 6}, "next_player": {"name": "skypiea_v2_1_1", "id": 1886821836880, "piece_type": "W"}, "players": [{"name": "skypiea_v2_1_1", "id": 1886821836880, "piece_type": "W"}, {"name": "skypiea_v2_3_2", "id": 1886821841552, "piece_type": "B"}], "rep": {"env": {"(6, 5)": {"piece_type": "BCW", "owner_id": 1886821836880}, "(3, 4)": {"piece_type": "RCB", "owner_id": 1886821841552}, "(6, 4)": {"piece_type": "BRW", "owner_id": 1886821836880}, "(7, 4)": {"piece_type": "BCB", "owner_id": 1886821841552}, "(6, 3)": {"piece_type": "BCW", "owner_id": 1886821836880}, "(5, 4)": {"piece_type": "BCB", "owner_id": 1886821841552}, "(3, 6)": {"piece_type": "RCW", "owner_id": 1886821836880}, "(1, 4)": {"piece_type": "GCB", "owner_id": 1886821841552}, "(4, 1)": {"piece_type": "RCW", "owner_id": 1886821836880}, "(2, 3)": {"piece_type": "RCB", "owner_id": 1886821841552}, "(4, 3)": {"piece_type": "YCW", "owner_id": 1886821836880}, "(4, 5)": {"piece_type": "GCB", "owner_id": 1886821841552}, "(3, 2)": {"piece_type": "GCW", "owner_id": 1886821836880}, "(2, 5)": {"piece_type": "YCB", "owner_id": 1886821841552}, "(5, 6)": {"piece_type": "GCW", "owner_id": 1886821836880}, "(4, 7)": {"piece_type": "YCB", "owner_id": 1886821841552}, "(5, 2)": {"piece_type": "YCW", "owner_id": 1886821836880}, "(3, 3)": {"piece_type": "RRB", "owner_id": 1886821841552}, "(4, 2)": {"piece_type": "YRW", "owner_id": 1886821836880}, "(3, 5)": {"piece_type": "GRB", "owner_id": 1886821841552}, "(5, 3)": {"piece_type": "YRW", "owner_id": 1886821836880}, "(4, 4)": {"piece_type": "BRB", "owner_id": 1886821841552}}, "dim": [9, 9]}, "max_step": 40, "step": 22, "players_pieces_left": {"1886821836880": {"RC": 0, "RR": 3, "GC": 0, "GR": 3, "BC": 0, "BR": 2, "YC": 0, "YR": 1}, "1886821841552": {"RC": 0, "RR": 2, "GC": 0, "GR": 2, "BC": 0, "BR": 2, "YC": 0, "YR": 3}}}, {"scores": {"1886821836880": 6, "1886821841552": 6}, "next_player": {"name": "skypiea_v2_3_2", "id": 1886821841552, "piece_type": "B"}, "players": [{"name": "skypiea_v2_1_1", "id": 1886821836880, "piece_type": "W"}, {"name": "skypiea_v2_3_2", "id": 1886821841552, "piece_type": "B"}], "rep": {"env": {"(6, 5)": {"piece_type": "BCW", "owner_id": 1886821836880}, "(3, 4)": {"piece_type": "RCB", "owner_id": 1886821841552}, "(6, 4)": {"piece_type": "BRW", "owner_id": 1886821836880}, "(7, 4)": {"piece_type": "BCB", "owner_id": 1886821841552}, "(6, 3)": {"piece_type": "BCW", "owner_id": 1886821836880}, "(5, 4)": {"piece_type": "BCB", "owner_id": 1886821841552}, "(3, 6)": {"piece_type": "RCW", "owner_id": 1886821836880}, "(1, 4)": {"piece_type": "GCB", "owner_id": 1886821841552}, "(4, 1)": {"piece_type": "RCW", "owner_id": 1886821836880}, "(2, 3)": {"piece_type": "RCB", "owner_id": 1886821841552}, "(4, 3)": {"piece_type": "YCW", "owner_id": 1886821836880}, "(4, 5)": {"piece_type": "GCB", "owner_id": 1886821841552}, "(3, 2)": {"piece_type": "GCW", "owner_id": 1886821836880}, "(2, 5)": {"piece_type": "YCB", "owner_id": 1886821841552}, "(5, 6)": {"piece_type": "GCW", "owner_id": 1886821836880}, "(4, 7)": {"piece_type": "YCB", "owner_id": 1886821841552}, "(5, 2)": {"piece_type": "YCW", "owner_id": 1886821836880}, "(3, 3)": {"piece_type": "RRB", "owner_id": 1886821841552}, "(4, 2)": {"piece_type": "YRW", "owner_id": 1886821836880}, "(3, 5)": {"piece_type": "GRB", "owner_id": 1886821841552}, "(5, 3)": {"piece_type": "YRW", "owner_id": 1886821836880}, "(4, 4)": {"piece_type": "BRB", "owner_id": 1886821841552}, "(2, 4)": {"piece_type": "BRW", "owner_id": 1886821836880}}, "dim": [9, 9]}, "max_step": 40, "step": 23, "players_pieces_left": {"1886821836880": {"RC": 0, "RR": 3, "GC": 0, "GR": 3, "BC": 0, "BR": 1, "YC": 0, "YR": 1}, "1886821841552": {"RC": 0, "RR": 2, "GC": 0, "GR": 2, "BC": 0, "BR": 2, "YC": 0, "YR": 3}}}, {"scores": {"1886821836880": 6, "1886821841552": 7}, "next_player": {"name": "skypiea_v2_1_1", "id": 1886821836880, "piece_type": "W"}, "players": [{"name": "skypiea_v2_1_1", "id": 1886821836880, "piece_type": "W"}, {"name": "skypiea_v2_3_2", "id": 1886821841552, "piece_type": "B"}], "rep": {"env": {"(6, 5)": {"piece_type": "BCW", "owner_id": 1886821836880}, "(3, 4)": {"piece_type": "RCB", "owner_id": 1886821841552}, "(6, 4)": {"piece_type": "BRW", "owner_id": 1886821836880}, "(7, 4)": {"piece_type": "BCB", "owner_id": 1886821841552}, "(6, 3)": {"piece_type": "BCW", "owner_id": 1886821836880}, "(5, 4)": {"piece_type": "BCB", "owner_id": 1886821841552}, "(3, 6)": {"piece_type": "RCW", "owner_id": 1886821836880}, "(1, 4)": {"piece_type": "GCB", "owner_id": 1886821841552}, "(4, 1)": {"piece_type": "RCW", "owner_id": 1886821836880}, "(2, 3)": {"piece_type": "RCB", "owner_id": 1886821841552}, "(4, 3)": {"piece_type": "YCW", "owner_id": 1886821836880}, "(4, 5)": {"piece_type": "GCB", "owner_id": 1886821841552}, "(3, 2)": {"piece_type": "GCW", "owner_id": 1886821836880}, "(2, 5)": {"piece_type": "YCB", "owner_id": 1886821841552}, "(5, 6)": {"piece_type": "GCW", "owner_id": 1886821836880}, "(4, 7)": {"piece_type": "YCB", "owner_id": 1886821841552}, "(5, 2)": {"piece_type": "YCW", "owner_id": 1886821836880}, "(3, 3)": {"piece_type": "RRB", "owner_id": 1886821841552}, "(4, 2)": {"piece_type": "YRW", "owner_id": 1886821836880}, "(3, 5)": {"piece_type": "GRB", "owner_id": 1886821841552}, "(5, 3)": {"piece_type": "YRW", "owner_id": 1886821836880}, "(4, 4)": {"piece_type": "BRB", "owner_id": 1886821841552}, "(2, 4)": {"piece_type": "BRW", "owner_id": 1886821836880}, "(0, 4)": {"piece_type": "GRB", "owner_id": 1886821841552}}, "dim": [9, 9]}, "max_step": 40, "step": 24, "players_pieces_left": {"1886821836880": {"RC": 0, "RR": 3, "GC": 0, "GR": 3, "BC": 0, "BR": 1, "YC": 0, "YR": 1}, "1886821841552": {"RC": 0, "RR": 2, "GC": 0, "GR": 1, "BC": 0, "BR": 2, "YC": 0, "YR": 3}}}, {"scores": {"1886821836880": 7, "1886821841552": 7}, "next_player": {"name": "skypiea_v2_3_2", "id": 1886821841552, "piece_type": "B"}, "players": [{"name": "skypiea_v2_1_1", "id": 1886821836880, "piece_type": "W"}, {"name": "skypiea_v2_3_2", "id": 1886821841552, "piece_type": "B"}], "rep": {"env": {"(6, 5)": {"piece_type": "BCW", "owner_id": 1886821836880}, "(3, 4)": {"piece_type": "RCB", "owner_id": 1886821841552}, "(6, 4)": {"piece_type": "BRW", "owner_id": 1886821836880}, "(7, 4)": {"piece_type": "BCB", "owner_id": 1886821841552}, "(6, 3)": {"piece_type": "BCW", "owner_id": 1886821836880}, "(5, 4)": {"piece_type": "BCB", "owner_id": 1886821841552}, "(3, 6)": {"piece_type": "RCW", "owner_id": 1886821836880}, "(1, 4)": {"piece_type": "GCB", "owner_id": 1886821841552}, "(4, 1)": {"piece_type": "RCW", "owner_id": 1886821836880}, "(2, 3)": {"piece_type": "RCB", "owner_id": 1886821841552}, "(4, 3)": {"piece_type": "YCW", "owner_id": 1886821836880}, "(4, 5)": {"piece_type": "GCB", "owner_id": 1886821841552}, "(3, 2)": {"piece_type": "GCW", "owner_id": 1886821836880}, "(2, 5)": {"piece_type": "YCB", "owner_id": 1886821841552}, "(5, 6)": {"piece_type": "GCW", "owner_id": 1886821836880}, "(4, 7)": {"piece_type": "YCB", "owner_id": 1886821841552}, "(5, 2)": {"piece_type": "YCW", "owner_id": 1886821836880}, "(3, 3)": {"piece_type": "RRB", "owner_id": 1886821841552}, "(4, 2)": {"piece_type": "YRW", "owner_id": 1886821836880}, "(3, 5)": {"piece_type": "GRB", "owner_id": 1886821841552}, "(5, 3)": {"piece_type": "YRW", "owner_id": 1886821836880}, "(4, 4)": {"piece_type": "BRB", "owner_id": 1886821841552}, "(2, 4)": {"piece_type": "BRW", "owner_id": 1886821836880}, "(0, 4)": {"piece_type": "GRB", "owner_id": 1886821841552}, "(3, 1)": {"piece_type": "GRW", "owner_id": 1886821836880}}, "dim": [9, 9]}, "max_step": 40, "step": 25, "players_pieces_left": {"1886821836880": {"RC": 0, "RR": 3, "GC": 0, "GR": 2, "BC": 0, "BR": 1, "YC": 0, "YR": 1}, "1886821841552": {"RC": 0, "RR": 2, "GC": 0, "GR": 1, "BC": 0, "BR": 2, "YC": 0, "YR": 3}}}, {"scores": {"1886821836880": 7, "1886821841552": 8}, "next_player": {"name": "skypiea_v2_1_1", "id": 1886821836880, "piece_type": "W"}, "players": [{"name": "skypiea_v2_1_1", "id": 1886821836880, "piece_type": "W"}, {"name": "skypiea_v2_3_2", "id": 1886821841552, "piece_type": "B"}], "rep": {"env": {"(6, 5)": {"piece_type": "BCW", "owner_id": 1886821836880}, "(3, 4)": {"piece_type": "RCB", "owner_id": 1886821841552}, "(6, 4)": {"piece_type": "BRW", "owner_id": 1886821836880}, "(7, 4)": {"piece_type": "BCB", "owner_id": 1886821841552}, "(6, 3)": {"piece_type": "BCW", "owner_id": 1886821836880}, "(5, 4)": {"piece_type": "BCB", "owner_id": 1886821841552}, "(3, 6)": {"piece_type": "RCW", "owner_id": 1886821836880}, "(1, 4)": {"piece_type": "GCB", "owner_id": 1886821841552}, "(4, 1)": {"piece_type": "RCW", "owner_id": 1886821836880}, "(2, 3)": {"piece_type": "RCB", "owner_id": 1886821841552}, "(4, 3)": {"piece_type": "YCW", "owner_id": 1886821836880}, "(4, 5)": {"piece_type": "GCB", "owner_id": 1886821841552}, "(3, 2)": {"piece_type": "GCW", "owner_id": 1886821836880}, "(2, 5)": {"piece_type": "YCB", "owner_id": 1886821841552}, "(5, 6)": {"piece_type": "GCW", "owner_id": 1886821836880}, "(4, 7)": {"piece_type": "YCB", "owner_id": 1886821841552}, "(5, 2)": {"piece_type": "YCW", "owner_id": 1886821836880}, "(3, 3)": {"piece_type": "RRB", "owner_id": 1886821841552}, "(4, 2)": {"piece_type": "YRW", "owner_id": 1886821836880}, "(3, 5)": {"piece_type": "GRB", "owner_id": 1886821841552}, "(5, 3)": {"piece_type": "YRW", "owner_id": 1886821836880}, "(4, 4)": {"piece_type": "BRB", "owner_id": 1886821841552}, "(2, 4)": {"piece_type": "BRW", "owner_id": 1886821836880}, "(0, 4)": {"piece_type": "GRB", "owner_id": 1886821841552}, "(3, 1)": {"piece_type": "GRW", "owner_id": 1886821836880}, "(1, 5)": {"piece_type": "YRB", "owner_id": 1886821841552}}, "dim": [9, 9]}, "max_step": 40, "step": 26, "players_pieces_left": {"1886821836880": {"RC": 0, "RR": 3, "GC": 0, "GR": 2, "BC": 0, "BR": 1, "YC": 0, "YR": 1}, "1886821841552": {"RC": 0, "RR": 2, "GC": 0, "GR": 1, "BC": 0, "BR": 2, "YC": 0, "YR": 2}}}, {"scores": {"1886821836880": 11, "1886821841552": 8}, "next_player": {"name": "skypiea_v2_3_2", "id": 1886821841552, "piece_type": "B"}, "players": [{"name": "skypiea_v2_1_1", "id": 1886821836880, "piece_type": "W"}, {"name": "skypiea_v2_3_2", "id": 1886821841552, "piece_type": "B"}], "rep": {"env": {"(6, 5)": {"piece_type": "BCW", "owner_id": 1886821836880}, "(3, 4)": {"piece_type": "RCB", "owner_id": 1886821841552}, "(6, 4)": {"piece_type": "BRW", "owner_id": 1886821836880}, "(7, 4)": {"piece_type": "BCB", "owner_id": 1886821841552}, "(6, 3)": {"piece_type": "BCW", "owner_id": 1886821836880}, "(5, 4)": {"piece_type": "BCB", "owner_id": 1886821841552}, "(3, 6)": {"piece_type": "RCW", "owner_id": 1886821836880}, "(1, 4)": {"piece_type": "GCB", "owner_id": 1886821841552}, "(4, 1)": {"piece_type": "RCW", "owner_id": 1886821836880}, "(2, 3)": {"piece_type": "RCB", "owner_id": 1886821841552}, "(4, 3)": {"piece_type": "YCW", "owner_id": 1886821836880}, "(4, 5)": {"piece_type": "GCB", "owner_id": 1886821841552}, "(3, 2)": {"piece_type": "GCW", "owner_id": 1886821836880}, "(2, 5)": {"piece_type": "YCB", "owner_id": 1886821841552}, "(5, 6)": {"piece_type": "GCW", "owner_id": 1886821836880}, "(4, 7)": {"piece_type": "YCB", "owner_id": 1886821841552}, "(5, 2)": {"piece_type": "YCW", "owner_id": 1886821836880}, "(3, 3)": {"piece_type": "RRB", "owner_id": 1886821841552}, "(4, 2)": {"piece_type": "YRW", "owner_id": 1886821836880}, "(3, 5)": {"piece_type": "GRB", "owner_id": 1886821841552}, "(5, 3)": {"piece_type": "YRW", "owner_id": 1886821836880}, "(4, 4)": {"piece_type": "BRB", "owner_id": 1886821841552}, "(2, 4)": {"piece_type": "BRW", "owner_id": 1886821836880}, "(0, 4)": {"piece_type": "GRB", "owner_id": 1886821841552}, "(3, 1)": {"piece_type": "GRW", "owner_id": 1886821836880}, "(1, 5)": {"piece_type": "YRB", "owner_id": 1886821841552}, "(2, 2)": {"piece_type": "BRW", "owner_id": 1886821836880}}, "dim": [9, 9]}, "max_step": 40, "step": 27, "players_pieces_left": {"1886821836880": {"RC": 0, "RR": 3, "GC": 0, "GR": 2, "BC": 0, "BR": 0, "YC": 0, "YR": 1}, "1886821841552": {"RC": 0, "RR": 2, "GC": 0, "GR": 1, "BC": 0, "BR": 2, "YC": 0, "YR": 2}}}, {"scores": {"1886821836880": 11, "1886821841552": 13}, "next_player": {"name": "skypiea_v2_1_1", "id": 1886821836880, "piece_type": "W"}, "players": [{"name": "skypiea_v2_1_1", "id": 1886821836880, "piece_type": "W"}, {"name": "skypiea_v2_3_2", "id": 1886821841552, "piece_type": "B"}], "rep": {"env": {"(6, 5)": {"piece_type": "BCW", "owner_id": 1886821836880}, "(3, 4)": {"piece_type": "RCB", "owner_id": 1886821841552}, "(6, 4)": {"piece_type": "BRW", "owner_id": 1886821836880}, "(7, 4)": {"piece_type": "BCB", "owner_id": 1886821841552}, "(6, 3)": {"piece_type": "BCW", "owner_id": 1886821836880}, "(5, 4)": {"piece_type": "BCB", "owner_id": 1886821841552}, "(3, 6)": {"piece_type": "RCW", "owner_id": 1886821836880}, "(1, 4)": {"piece_type": "GCB", "owner_id": 1886821841552}, "(4, 1)": {"piece_type": "RCW", "owner_id": 1886821836880}, "(2, 3)": {"piece_type": "RCB", "owner_id": 1886821841552}, "(4, 3)": {"piece_type": "YCW", "owner_id": 1886821836880}, "(4, 5)": {"piece_type": "GCB", "owner_id": 1886821841552}, "(3, 2)": {"piece_type": "GCW", "owner_id": 1886821836880}, "(2, 5)": {"piece_type": "YCB", "owner_id": 1886821841552}, "(5, 6)": {"piece_type": "GCW", "owner_id": 1886821836880}, "(4, 7)": {"piece_type": "YCB", "owner_id": 1886821841552}, "(5, 2)": {"piece_type": "YCW", "owner_id": 1886821836880}, "(3, 3)": {"piece_type": "RRB", "owner_id": 1886821841552}, "(4, 2)": {"piece_type": "YRW", "owner_id": 1886821836880}, "(3, 5)": {"piece_type": "GRB", "owner_id": 1886821841552}, "(5, 3)": {"piece_type": "YRW", "owner_id": 1886821836880}, "(4, 4)": {"piece_type": "BRB", "owner_id": 1886821841552}, "(2, 4)": {"piece_type": "BRW", "owner_id": 1886821836880}, "(0, 4)": {"piece_type": "GRB", "owner_id": 1886821841552}, "(3, 1)": {"piece_type": "GRW", "owner_id": 1886821836880}, "(1, 5)": {"piece_type": "YRB", "owner_id": 1886821841552}, "(2, 2)": {"piece_type": "BRW", "owner_id": 1886821836880}, "(1, 3)": {"piece_type": "RRB", "owner_id": 1886821841552}}, "dim": [9, 9]}, "max_step": 40, "step": 28, "players_pieces_left": {"1886821836880": {"RC": 0, "RR": 3, "GC": 0, "GR": 2, "BC": 0, "BR": 0, "YC": 0, "YR": 1}, "1886821841552": {"RC": 0, "RR": 1, "GC": 0, "GR": 1, "BC": 0, "BR": 2, "YC": 0, "YR": 2}}}, {"scores": {"1886821836880": 11, "1886821841552": 13}, "next_player": {"name": "skypiea_v2_3_2", "id": 1886821841552, "piece_type": "B"}, "players": [{"name": "skypiea_v2_1_1", "id": 1886821836880, "piece_type": "W"}, {"name": "skypiea_v2_3_2", "id": 1886821841552, "piece_type": "B"}], "rep": {"env": {"(6, 5)": {"piece_type": "BCW", "owner_id": 1886821836880}, "(3, 4)": {"piece_type": "RCB", "owner_id": 1886821841552}, "(6, 4)": {"piece_type": "BRW", "owner_id": 1886821836880}, "(7, 4)": {"piece_type": "BCB", "owner_id": 1886821841552}, "(6, 3)": {"piece_type": "BCW", "owner_id": 1886821836880}, "(5, 4)": {"piece_type": "BCB", "owner_id": 1886821841552}, "(3, 6)": {"piece_type": "RCW", "owner_id": 1886821836880}, "(1, 4)": {"piece_type": "GCB", "owner_id": 1886821841552}, "(4, 1)": {"piece_type": "RCW", "owner_id": 1886821836880}, "(2, 3)": {"piece_type": "RCB", "owner_id": 1886821841552}, "(4, 3)": {"piece_type": "YCW", "owner_id": 1886821836880}, "(4, 5)": {"piece_type": "GCB", "owner_id": 1886821841552}, "(3, 2)": {"piece_type": "GCW", "owner_id": 1886821836880}, "(2, 5)": {"piece_type": "YCB", "owner_id": 1886821841552}, "(5, 6)": {"piece_type": "GCW", "owner_id": 1886821836880}, "(4, 7)": {"piece_type": "YCB", "owner_id": 1886821841552}, "(5, 2)": {"piece_type": "YCW", "owner_id": 1886821836880}, "(3, 3)": {"piece_type": "RRB", "owner_id": 1886821841552}, "(4, 2)": {"piece_type": "YRW", "owner_id": 1886821836880}, "(3, 5)": {"piece_type": "GRB", "owner_id": 1886821841552}, "(5, 3)": {"piece_type": "YRW", "owner_id": 1886821836880}, "(4, 4)": {"piece_type": "BRB", "owner_id": 1886821841552}, "(2, 4)": {"piece_type": "BRW", "owner_id": 1886821836880}, "(0, 4)": {"piece_type": "GRB", "owner_id": 1886821841552}, "(3, 1)": {"piece_type": "GRW", "owner_id": 1886821836880}, "(1, 5)": {"piece_type": "YRB", "owner_id": 1886821841552}, "(2, 2)": {"piece_type": "BRW", "owner_id": 1886821836880}, "(1, 3)": {"piece_type": "RRB", "owner_id": 1886821841552}, "(7, 3)": {"piece_type": "GRW", "owner_id": 1886821836880}}, "dim": [9, 9]}, "max_step": 40, "step": 29, "players_pieces_left": {"1886821836880": {"RC": 0, "RR": 3, "GC": 0, "GR": 1, "BC": 0, "BR": 0, "YC": 0, "YR": 1}, "1886821841552": {"RC": 0, "RR": 1, "GC": 0, "GR": 1, "BC": 0, "BR": 2, "YC": 0, "YR": 2}}}, {"scores": {"1886821836880": 11, "1886821841552": 13}, "next_player": {"name": "skypiea_v2_1_1", "id": 1886821836880, "piece_type": "W"}, "players": [{"name": "skypiea_v2_1_1", "id": 1886821836880, "piece_type": "W"}, {"name": "skypiea_v2_3_2", "id": 1886821841552, "piece_type": "B"}], "rep": {"env": {"(6, 5)": {"piece_type": "BCW", "owner_id": 1886821836880}, "(3, 4)": {"piece_type": "RCB", "owner_id": 1886821841552}, "(6, 4)": {"piece_type": "BRW", "owner_id": 1886821836880}, "(7, 4)": {"piece_type": "BCB", "owner_id": 1886821841552}, "(6, 3)": {"piece_type": "BCW", "owner_id": 1886821836880}, "(5, 4)": {"piece_type": "BCB", "owner_id": 1886821841552}, "(3, 6)": {"piece_type": "RCW", "owner_id": 1886821836880}, "(1, 4)": {"piece_type": "GCB", "owner_id": 1886821841552}, "(4, 1)": {"piece_type": "RCW", "owner_id": 1886821836880}, "(2, 3)": {"piece_type": "RCB", "owner_id": 1886821841552}, "(4, 3)": {"piece_type": "YCW", "owner_id": 1886821836880}, "(4, 5)": {"piece_type": "GCB", "owner_id": 1886821841552}, "(3, 2)": {"piece_type": "GCW", "owner_id": 1886821836880}, "(2, 5)": {"piece_type": "YCB", "owner_id": 1886821841552}, "(5, 6)": {"piece_type": "GCW", "owner_id": 1886821836880}, "(4, 7)": {"piece_type": "YCB", "owner_id": 1886821841552}, "(5, 2)": {"piece_type": "YCW", "owner_id": 1886821836880}, "(3, 3)": {"piece_type": "RRB", "owner_id": 1886821841552}, "(4, 2)": {"piece_type": "YRW", "owner_id": 1886821836880}, "(3, 5)": {"piece_type": "GRB", "owner_id": 1886821841552}, "(5, 3)": {"piece_type": "YRW", "owner_id": 1886821836880}, "(4, 4)": {"piece_type": "BRB", "owner_id": 1886821841552}, "(2, 4)": {"piece_type": "BRW", "owner_id": 1886821836880}, "(0, 4)": {"piece_type": "GRB", "owner_id": 1886821841552}, "(3, 1)": {"piece_type": "GRW", "owner_id": 1886821836880}, "(1, 5)": {"piece_type": "YRB", "owner_id": 1886821841552}, "(2, 2)": {"piece_type": "BRW", "owner_id": 1886821836880}, "(1, 3)": {"piece_type": "RRB", "owner_id": 1886821841552}, "(7, 3)": {"piece_type": "GRW", "owner_id": 1886821836880}, "(6, 2)": {"piece_type": "GRB", "owner_id": 1886821841552}}, "dim": [9, 9]}, "max_step": 40, "step": 30, "players_pieces_left": {"1886821836880": {"RC": 0, "RR": 3, "GC": 0, "GR": 1, "BC": 0, "BR": 0, "YC": 0, "YR": 1}, "1886821841552": {"RC": 0, "RR": 1, "GC": 0, "GR": 0, "BC": 0, "BR": 2, "YC": 0, "YR": 2}}}, {"scores": {"1886821836880": 12, "1886821841552": 13}, "next_player": {"name": "skypiea_v2_3_2", "id": 1886821841552, "piece_type": "B"}, "players": [{"name": "skypiea_v2_1_1", "id": 1886821836880, "piece_type": "W"}, {"name": "skypiea_v2_3_2", "id": 1886821841552, "piece_type": "B"}], "rep": {"env": {"(6, 5)": {"piece_type": "BCW", "owner_id": 1886821836880}, "(3, 4)": {"piece_type": "RCB", "owner_id": 1886821841552}, "(6, 4)": {"piece_type": "BRW", "owner_id": 1886821836880}, "(7, 4)": {"piece_type": "BCB", "owner_id": 1886821841552}, "(6, 3)": {"piece_type": "BCW", "owner_id": 1886821836880}, "(5, 4)": {"piece_type": "BCB", "owner_id": 1886821841552}, "(3, 6)": {"piece_type": "RCW", "owner_id": 1886821836880}, "(1, 4)": {"piece_type": "GCB", "owner_id": 1886821841552}, "(4, 1)": {"piece_type": "RCW", "owner_id": 1886821836880}, "(2, 3)": {"piece_type": "RCB", "owner_id": 1886821841552}, "(4, 3)": {"piece_type": "YCW", "owner_id": 1886821836880}, "(4, 5)": {"piece_type": "GCB", "owner_id": 1886821841552}, "(3, 2)": {"piece_type": "GCW", "owner_id": 1886821836880}, "(2, 5)": {"piece_type": "YCB", "owner_id": 1886821841552}, "(5, 6)": {"piece_type": "GCW", "owner_id": 1886821836880}, "(4, 7)": {"piece_type": "YCB", "owner_id": 1886821841552}, "(5, 2)": {"piece_type": "YCW", "owner_id": 1886821836880}, "(3, 3)": {"piece_type": "RRB", "owner_id": 1886821841552}, "(4, 2)": {"piece_type": "YRW", "owner_id": 1886821836880}, "(3, 5)": {"piece_type": "GRB", "owner_id": 1886821841552}, "(5, 3)": {"piece_type": "YRW", "owner_id": 1886821836880}, "(4, 4)": {"piece_type": "BRB", "owner_id": 1886821841552}, "(2, 4)": {"piece_type": "BRW", "owner_id": 1886821836880}, "(0, 4)": {"piece_type": "GRB", "owner_id": 1886821841552}, "(3, 1)": {"piece_type": "GRW", "owner_id": 1886821836880}, "(1, 5)": {"piece_type": "YRB", "owner_id": 1886821841552}, "(2, 2)": {"piece_type": "BRW", "owner_id": 1886821836880}, "(1, 3)": {"piece_type": "RRB", "owner_id": 1886821841552}, "(7, 3)": {"piece_type": "GRW", "owner_id": 1886821836880}, "(6, 2)": {"piece_type": "GRB", "owner_id": 1886821841552}, "(5, 1)": {"piece_type": "RRW", "owner_id": 1886821836880}}, "dim": [9, 9]}, "max_step": 40, "step": 31, "players_pieces_left": {"1886821836880": {"RC": 0, "RR": 2, "GC": 0, "GR": 1, "BC": 0, "BR": 0, "YC": 0, "YR": 1}, "1886821841552": {"RC": 0, "RR": 1, "GC": 0, "GR": 0, "BC": 0, "BR": 2, "YC": 0, "YR": 2}}}, {"scores": {"1886821836880": 13, "1886821841552": 17}, "next_player": {"name": "skypiea_v2_1_1", "id": 1886821836880, "piece_type": "W"}, "players": [{"name": "skypiea_v2_1_1", "id": 1886821836880, "piece_type": "W"}, {"name": "skypiea_v2_3_2", "id": 1886821841552, "piece_type": "B"}], "rep": {"env": {"(6, 5)": {"piece_type": "BCW", "owner_id": 1886821836880}, "(3, 4)": {"piece_type": "RCB", "owner_id": 1886821841552}, "(6, 4)": {"piece_type": "BRW", "owner_id": 1886821836880}, "(7, 4)": {"piece_type": "BCB", "owner_id": 1886821841552}, "(6, 3)": {"piece_type": "BCW", "owner_id": 1886821836880}, "(5, 4)": {"piece_type": "BCB", "owner_id": 1886821841552}, "(3, 6)": {"piece_type": "RCW", "owner_id": 1886821836880}, "(1, 4)": {"piece_type": "GCB", "owner_id": 1886821841552}, "(4, 1)": {"piece_type": "RCW", "owner_id": 1886821836880}, "(2, 3)": {"piece_type": "RCB", "owner_id": 1886821841552}, "(4, 3)": {"piece_type": "YCW", "owner_id": 1886821836880}, "(4, 5)": {"piece_type": "GCB", "owner_id": 1886821841552}, "(3, 2)": {"piece_type": "GCW", "owner_id": 1886821836880}, "(2, 5)": {"piece_type": "YCB", "owner_id": 1886821841552}, "(5, 6)": {"piece_type": "GCW", "owner_id": 1886821836880}, "(4, 7)": {"piece_type": "YCB", "owner_id": 1886821841552}, "(5, 2)": {"piece_type": "YCW", "owner_id": 1886821836880}, "(3, 3)": {"piece_type": "RRB", "owner_id": 1886821841552}, "(4, 2)": {"piece_type": "YRW", "owner_id": 1886821836880}, "(3, 5)": {"piece_type": "GRB", "owner_id": 1886821841552}, "(5, 3)": {"piece_type": "YRW", "owner_id": 1886821836880}, "(4, 4)": {"piece_type": "BRB", "owner_id": 1886821841552}, "(2, 4)": {"piece_type": "BRW", "owner_id": 1886821836880}, "(0, 4)": {"piece_type": "GRB", "owner_id": 1886821841552}, "(3, 1)": {"piece_type": "GRW", "owner_id": 1886821836880}, "(1, 5)": {"piece_type": "YRB", "owner_id": 1886821841552}, "(2, 2)": {"piece_type": "BRW", "owner_id": 1886821836880}, "(1, 3)": {"piece_type": "RRB", "owner_id": 1886821841552}, "(7, 3)": {"piece_type": "GRW", "owner_id": 1886821836880}, "(6, 2)": {"piece_type": "GRB", "owner_id": 1886821841552}, "(5, 1)": {"piece_type": "RRW", "owner_id": 1886821836880}, "(2, 6)": {"piece_type": "RRB", "owner_id": 1886821841552}}, "dim": [9, 9]}, "max_step": 40, "step": 32, "players_pieces_left": {"1886821836880": {"RC": 0, "RR": 2, "GC": 0, "GR": 1, "BC": 0, "BR": 0, "YC": 0, "YR": 1}, "1886821841552": {"RC": 0, "RR": 0, "GC": 0, "GR": 0, "BC": 0, "BR": 2, "YC": 0, "YR": 2}}}, {"scores": {"1886821836880": 14, "1886821841552": 17}, "next_player": {"name": "skypiea_v2_3_2", "id": 1886821841552, "piece_type": "B"}, "players": [{"name": "skypiea_v2_1_1", "id": 1886821836880, "piece_type": "W"}, {"name": "skypiea_v2_3_2", "id": 1886821841552, "piece_type": "B"}], "rep": {"env": {"(6, 5)": {"piece_type": "BCW", "owner_id": 1886821836880}, "(3, 4)": {"piece_type": "RCB", "owner_id": 1886821841552}, "(6, 4)": {"piece_type": "BRW", "owner_id": 1886821836880}, "(7, 4)": {"piece_type": "BCB", "owner_id": 1886821841552}, "(6, 3)": {"piece_type": "BCW", "owner_id": 1886821836880}, "(5, 4)": {"piece_type": "BCB", "owner_id": 1886821841552}, "(3, 6)": {"piece_type": "RCW", "owner_id": 1886821836880}, "(1, 4)": {"piece_type": "GCB", "owner_id": 1886821841552}, "(4, 1)": {"piece_type": "RCW", "owner_id": 1886821836880}, "(2, 3)": {"piece_type": "RCB", "owner_id": 1886821841552}, "(4, 3)": {"piece_type": "YCW", "owner_id": 1886821836880}, "(4, 5)": {"piece_type": "GCB", "owner_id": 1886821841552}, "(3, 2)": {"piece_type": "GCW", "owner_id": 1886821836880}, "(2, 5)": {"piece_type": "YCB", "owner_id": 1886821841552}, "(5, 6)": {"piece_type": "GCW", "owner_id": 1886821836880}, "(4, 7)": {"piece_type": "YCB", "owner_id": 1886821841552}, "(5, 2)": {"piece_type": "YCW", "owner_id": 1886821836880}, "(3, 3)": {"piece_type": "RRB", "owner_id": 1886821841552}, "(4, 2)": {"piece_type": "YRW", "owner_id": 1886821836880}, "(3, 5)": {"piece_type": "GRB", "owner_id": 1886821841552}, "(5, 3)": {"piece_type": "YRW", "owner_id": 1886821836880}, "(4, 4)": {"piece_type": "BRB", "owner_id": 1886821841552}, "(2, 4)": {"piece_type": "BRW", "owner_id": 1886821836880}, "(0, 4)": {"piece_type": "GRB", "owner_id": 1886821841552}, "(3, 1)": {"piece_type": "GRW", "owner_id": 1886821836880}, "(1, 5)": {"piece_type": "YRB", "owner_id": 1886821841552}, "(2, 2)": {"piece_type": "BRW", "owner_id": 1886821836880}, "(1, 3)": {"piece_type": "RRB", "owner_id": 1886821841552}, "(7, 3)": {"piece_type": "GRW", "owner_id": 1886821836880}, "(6, 2)": {"piece_type": "GRB", "owner_id": 1886821841552}, "(5, 1)": {"piece_type": "RRW", "owner_id": 1886821836880}, "(2, 6)": {"piece_type": "RRB", "owner_id": 1886821841552}, "(4, 0)": {"piece_type": "RRW", "owner_id": 1886821836880}}, "dim": [9, 9]}, "max_step": 40, "step": 33, "players_pieces_left": {"1886821836880": {"RC": 0, "RR": 1, "GC": 0, "GR": 1, "BC": 0, "BR": 0, "YC": 0, "YR": 1}, "1886821841552": {"RC": 0, "RR": 0, "GC": 0, "GR": 0, "BC": 0, "BR": 2, "YC": 0, "YR": 2}}}, {"scores": {"1886821836880": 14, "1886821841552": 18}, "next_player": {"name": "skypiea_v2_1_1", "id": 1886821836880, "piece_type": "W"}, "players": [{"name": "skypiea_v2_1_1", "id": 1886821836880, "piece_type": "W"}, {"name": "skypiea_v2_3_2", "id": 1886821841552, "piece_type": "B"}], "rep": {"env": {"(6, 5)": {"piece_type": "BCW", "owner_id": 1886821836880}, "(3, 4)": {"piece_type": "RCB", "owner_id": 1886821841552}, "(6, 4)": {"piece_type": "BRW", "owner_id": 1886821836880}, "(7, 4)": {"piece_type": "BCB", "owner_id": 1886821841552}, "(6, 3)": {"piece_type": "BCW", "owner_id": 1886821836880}, "(5, 4)": {"piece_type": "BCB", "owner_id": 1886821841552}, "(3, 6)": {"piece_type": "RCW", "owner_id": 1886821836880}, "(1, 4)": {"piece_type": "GCB", "owner_id": 1886821841552}, "(4, 1)": {"piece_type": "RCW", "owner_id": 1886821836880}, "(2, 3)": {"piece_type": "RCB", "owner_id": 1886821841552}, "(4, 3)": {"piece_type": "YCW", "owner_id": 1886821836880}, "(4, 5)": {"piece_type": "GCB", "owner_id": 1886821841552}, "(3, 2)": {"piece_type": "GCW", "owner_id": 1886821836880}, "(2, 5)": {"piece_type": "YCB", "owner_id": 1886821841552}, "(5, 6)": {"piece_type": "GCW", "owner_id": 1886821836880}, "(4, 7)": {"piece_type": "YCB", "owner_id": 1886821841552}, "(5, 2)": {"piece_type": "YCW", "owner_id": 1886821836880}, "(3, 3)": {"piece_type": "RRB", "owner_id": 1886821841552}, "(4, 2)": {"piece_type": "YRW", "owner_id": 1886821836880}, "(3, 5)": {"piece_type": "GRB", "owner_id": 1886821841552}, "(5, 3)": {"piece_type": "YRW", "owner_id": 1886821836880}, "(4, 4)": {"piece_type": "BRB", "owner_id": 1886821841552}, "(2, 4)": {"piece_type": "BRW", "owner_id": 1886821836880}, "(0, 4)": {"piece_type": "GRB", "owner_id": 1886821841552}, "(3, 1)": {"piece_type": "GRW", "owner_id": 1886821836880}, "(1, 5)": {"piece_type": "YRB", "owner_id": 1886821841552}, "(2, 2)": {"piece_type": "BRW", "owner_id": 1886821836880}, "(1, 3)": {"piece_type": "RRB", "owner_id": 1886821841552}, "(7, 3)": {"piece_type": "GRW", "owner_id": 1886821836880}, "(6, 2)": {"piece_type": "GRB", "owner_id": 1886821841552}, "(5, 1)": {"piece_type": "RRW", "owner_id": 1886821836880}, "(2, 6)": {"piece_type": "RRB", "owner_id": 1886821841552}, "(4, 0)": {"piece_type": "RRW", "owner_id": 1886821836880}, "(8, 4)": {"piece_type": "BRB", "owner_id": 1886821841552}}, "dim": [9, 9]}, "max_step": 40, "step": 34, "players_pieces_left": {"1886821836880": {"RC": 0, "RR": 1, "GC": 0, "GR": 1, "BC": 0, "BR": 0, "YC": 0, "YR": 1}, "1886821841552": {"RC": 0, "RR": 0, "GC": 0, "GR": 0, "BC": 0, "BR": 1, "YC": 0, "YR": 2}}}, {"scores": {"1886821836880": 15, "1886821841552": 18}, "next_player": {"name": "skypiea_v2_3_2", "id": 1886821841552, "piece_type": "B"}, "players": [{"name": "skypiea_v2_1_1", "id": 1886821836880, "piece_type": "W"}, {"name": "skypiea_v2_3_2", "id": 1886821841552, "piece_type": "B"}], "rep": {"env": {"(6, 5)": {"piece_type": "BCW", "owner_id": 1886821836880}, "(3, 4)": {"piece_type": "RCB", "owner_id": 1886821841552}, "(6, 4)": {"piece_type": "BRW", "owner_id": 1886821836880}, "(7, 4)": {"piece_type": "BCB", "owner_id": 1886821841552}, "(6, 3)": {"piece_type": "BCW", "owner_id": 1886821836880}, "(5, 4)": {"piece_type": "BCB", "owner_id": 1886821841552}, "(3, 6)": {"piece_type": "RCW", "owner_id": 1886821836880}, "(1, 4)": {"piece_type": "GCB", "owner_id": 1886821841552}, "(4, 1)": {"piece_type": "RCW", "owner_id": 1886821836880}, "(2, 3)": {"piece_type": "RCB", "owner_id": 1886821841552}, "(4, 3)": {"piece_type": "YCW", "owner_id": 1886821836880}, "(4, 5)": {"piece_type": "GCB", "owner_id": 1886821841552}, "(3, 2)": {"piece_type": "GCW", "owner_id": 1886821836880}, "(2, 5)": {"piece_type": "YCB", "owner_id": 1886821841552}, "(5, 6)": {"piece_type": "GCW", "owner_id": 1886821836880}, "(4, 7)": {"piece_type": "YCB", "owner_id": 1886821841552}, "(5, 2)": {"piece_type": "YCW", "owner_id": 1886821836880}, "(3, 3)": {"piece_type": "RRB", "owner_id": 1886821841552}, "(4, 2)": {"piece_type": "YRW", "owner_id": 1886821836880}, "(3, 5)": {"piece_type": "GRB", "owner_id": 1886821841552}, "(5, 3)": {"piece_type": "YRW", "owner_id": 1886821836880}, "(4, 4)": {"piece_type": "BRB", "owner_id": 1886821841552}, "(2, 4)": {"piece_type": "BRW", "owner_id": 1886821836880}, "(0, 4)": {"piece_type": "GRB", "owner_id": 1886821841552}, "(3, 1)": {"piece_type": "GRW", "owner_id": 1886821836880}, "(1, 5)": {"piece_type": "YRB", "owner_id": 1886821841552}, "(2, 2)": {"piece_type": "BRW", "owner_id": 1886821836880}, "(1, 3)": {"piece_type": "RRB", "owner_id": 1886821841552}, "(7, 3)": {"piece_type": "GRW", "owner_id": 1886821836880}, "(6, 2)": {"piece_type": "GRB", "owner_id": 1886821841552}, "(5, 1)": {"piece_type": "RRW", "owner_id": 1886821836880}, "(2, 6)": {"piece_type": "RRB", "owner_id": 1886821841552}, "(4, 0)": {"piece_type": "RRW", "owner_id": 1886821836880}, "(8, 4)": {"piece_type": "BRB", "owner_id": 1886821841552}, "(3, 7)": {"piece_type": "RRW", "owner_id": 1886821836880}}, "dim": [9, 9]}, "max_step": 40, "step": 35, "players_pieces_left": {"1886821836880": {"RC": 0, "RR": 0, "GC": 0, "GR": 1, "BC": 0, "BR": 0, "YC": 0, "YR": 1}, "1886821841552": {"RC": 0, "RR": 0, "GC": 0, "GR": 0, "BC": 0, "BR": 1, "YC": 0, "YR": 2}}}, {"scores": {"1886821836880": 15, "1886821841552": 19}, "next_player": {"name": "skypiea_v2_1_1", "id": 1886821836880, "piece_type": "W"}, "players": [{"name": "skypiea_v2_1_1", "id": 1886821836880, "piece_type": "W"}, {"name": "skypiea_v2_3_2", "id": 1886821841552, "piece_type": "B"}], "rep": {"env": {"(6, 5)": {"piece_type": "BCW", "owner_id": 1886821836880}, "(3, 4)": {"piece_type": "RCB", "owner_id": 1886821841552}, "(6, 4)": {"piece_type": "BRW", "owner_id": 1886821836880}, "(7, 4)": {"piece_type": "BCB", "owner_id": 1886821841552}, "(6, 3)": {"piece_type": "BCW", "owner_id": 1886821836880}, "(5, 4)": {"piece_type": "BCB", "owner_id": 1886821841552}, "(3, 6)": {"piece_type": "RCW", "owner_id": 1886821836880}, "(1, 4)": {"piece_type": "GCB", "owner_id": 1886821841552}, "(4, 1)": {"piece_type": "RCW", "owner_id": 1886821836880}, "(2, 3)": {"piece_type": "RCB", "owner_id": 1886821841552}, "(4, 3)": {"piece_type": "YCW", "owner_id": 1886821836880}, "(4, 5)": {"piece_type": "GCB", "owner_id": 1886821841552}, "(3, 2)": {"piece_type": "GCW", "owner_id": 1886821836880}, "(2, 5)": {"piece_type": "YCB", "owner_id": 1886821841552}, "(5, 6)": {"piece_type": "GCW", "owner_id": 1886821836880}, "(4, 7)": {"piece_type": "YCB", "owner_id": 1886821841552}, "(5, 2)": {"piece_type": "YCW", "owner_id": 1886821836880}, "(3, 3)": {"piece_type": "RRB", "owner_id": 1886821841552}, "(4, 2)": {"piece_type": "YRW", "owner_id": 1886821836880}, "(3, 5)": {"piece_type": "GRB", "owner_id": 1886821841552}, "(5, 3)": {"piece_type": "YRW", "owner_id": 1886821836880}, "(4, 4)": {"piece_type": "BRB", "owner_id": 1886821841552}, "(2, 4)": {"piece_type": "BRW", "owner_id": 1886821836880}, "(0, 4)": {"piece_type": "GRB", "owner_id": 1886821841552}, "(3, 1)": {"piece_type": "GRW", "owner_id": 1886821836880}, "(1, 5)": {"piece_type": "YRB", "owner_id": 1886821841552}, "(2, 2)": {"piece_type": "BRW", "owner_id": 1886821836880}, "(1, 3)": {"piece_type": "RRB", "owner_id": 1886821841552}, "(7, 3)": {"piece_type": "GRW", "owner_id": 1886821836880}, "(6, 2)": {"piece_type": "GRB", "owner_id": 1886821841552}, "(5, 1)": {"piece_type": "RRW", "owner_id": 1886821836880}, "(2, 6)": {"piece_type": "RRB", "owner_id": 1886821841552}, "(4, 0)": {"piece_type": "RRW", "owner_id": 1886821836880}, "(8, 4)": {"piece_type": "BRB", "owner_id": 1886821841552}, "(3, 7)": {"piece_type": "RRW", "owner_id": 1886821836880}, "(4, 8)": {"piece_type": "YRB", "owner_id": 1886821841552}}, "dim": [9, 9]}, "max_step": 40, "step": 36, "players_pieces_left": {"1886821836880": {"RC": 0, "RR": 0, "GC": 0, "GR": 1, "BC": 0, "BR": 0, "YC": 0, "YR": 1}, "1886821841552": {"RC": 0, "RR": 0, "GC": 0, "GR": 0, "BC": 0, "BR": 1, "YC": 0, "YR": 1}}}, {"scores": {"1886821836880": 16, "1886821841552": 19}, "next_player": {"name": "skypiea_v2_3_2", "id": 1886821841552, "piece_type": "B"}, "players": [{"name": "skypiea_v2_1_1", "id": 1886821836880, "piece_type": "W"}, {"name": "skypiea_v2_3_2", "id": 1886821841552, "piece_type": "B"}], "rep": {"env": {"(6, 5)": {"piece_type": "BCW", "owner_id": 1886821836880}, "(3, 4)": {"piece_type": "RCB", "owner_id": 1886821841552}, "(6, 4)": {"piece_type": "BRW", "owner_id": 1886821836880}, "(7, 4)": {"piece_type": "BCB", "owner_id": 1886821841552}, "(6, 3)": {"piece_type": "BCW", "owner_id": 1886821836880}, "(5, 4)": {"piece_type": "BCB", "owner_id": 1886821841552}, "(3, 6)": {"piece_type": "RCW", "owner_id": 1886821836880}, "(1, 4)": {"piece_type": "GCB", "owner_id": 1886821841552}, "(4, 1)": {"piece_type": "RCW", "owner_id": 1886821836880}, "(2, 3)": {"piece_type": "RCB", "owner_id": 1886821841552}, "(4, 3)": {"piece_type": "YCW", "owner_id": 1886821836880}, "(4, 5)": {"piece_type": "GCB", "owner_id": 1886821841552}, "(3, 2)": {"piece_type": "GCW", "owner_id": 1886821836880}, "(2, 5)": {"piece_type": "YCB", "owner_id": 1886821841552}, "(5, 6)": {"piece_type": "GCW", "owner_id": 1886821836880}, "(4, 7)": {"piece_type": "YCB", "owner_id": 1886821841552}, "(5, 2)": {"piece_type": "YCW", "owner_id": 1886821836880}, "(3, 3)": {"piece_type": "RRB", "owner_id": 1886821841552}, "(4, 2)": {"piece_type": "YRW", "owner_id": 1886821836880}, "(3, 5)": {"piece_type": "GRB", "owner_id": 1886821841552}, "(5, 3)": {"piece_type": "YRW", "owner_id": 1886821836880}, "(4, 4)": {"piece_type": "BRB", "owner_id": 1886821841552}, "(2, 4)": {"piece_type": "BRW", "owner_id": 1886821836880}, "(0, 4)": {"piece_type": "GRB", "owner_id": 1886821841552}, "(3, 1)": {"piece_type": "GRW", "owner_id": 1886821836880}, "(1, 5)": {"piece_type": "YRB", "owner_id": 1886821841552}, "(2, 2)": {"piece_type": "BRW", "owner_id": 1886821836880}, "(1, 3)": {"piece_type": "RRB", "owner_id": 1886821841552}, "(7, 3)": {"piece_type": "GRW", "owner_id": 1886821836880}, "(6, 2)": {"piece_type": "GRB", "owner_id": 1886821841552}, "(5, 1)": {"piece_type": "RRW", "owner_id": 1886821836880}, "(2, 6)": {"piece_type": "RRB", "owner_id": 1886821841552}, "(4, 0)": {"piece_type": "RRW", "owner_id": 1886821836880}, "(8, 4)": {"piece_type": "BRB", "owner_id": 1886821841552}, "(3, 7)": {"piece_type": "RRW", "owner_id": 1886821836880}, "(4, 8)": {"piece_type": "YRB", "owner_id": 1886821841552}, "(6, 6)": {"piece_type": "GRW", "owner_id": 1886821836880}}, "dim": [9, 9]}, "max_step": 40, "step": 37, "players_pieces_left": {"1886821836880": {"RC": 0, "RR": 0, "GC": 0, "GR": 0, "BC": 0, "BR": 0, "YC": 0, "YR": 1}, "1886821841552": {"RC": 0, "RR": 0, "GC": 0, "GR": 0, "BC": 0, "BR": 1, "YC": 0, "YR": 1}}}, {"scores": {"1886821836880": 16, "1886821841552": 20}, "next_player": {"name": "skypiea_v2_1_1", "id": 1886821836880, "piece_type": "W"}, "players": [{"name": "skypiea_v2_1_1", "id": 1886821836880, "piece_type": "W"}, {"name": "skypiea_v2_3_2", "id": 1886821841552, "piece_type": "B"}], "rep": {"env": {"(6, 5)": {"piece_type": "BCW", "owner_id": 1886821836880}, "(3, 4)": {"piece_type": "RCB", "owner_id": 1886821841552}, "(6, 4)": {"piece_type": "BRW", "owner_id": 1886821836880}, "(7, 4)": {"piece_type": "BCB", "owner_id": 1886821841552}, "(6, 3)": {"piece_type": "BCW", "owner_id": 1886821836880}, "(5, 4)": {"piece_type": "BCB", "owner_id": 1886821841552}, "(3, 6)": {"piece_type": "RCW", "owner_id": 1886821836880}, "(1, 4)": {"piece_type": "GCB", "owner_id": 1886821841552}, "(4, 1)": {"piece_type": "RCW", "owner_id": 1886821836880}, "(2, 3)": {"piece_type": "RCB", "owner_id": 1886821841552}, "(4, 3)": {"piece_type": "YCW", "owner_id": 1886821836880}, "(4, 5)": {"piece_type": "GCB", "owner_id": 1886821841552}, "(3, 2)": {"piece_type": "GCW", "owner_id": 1886821836880}, "(2, 5)": {"piece_type": "YCB", "owner_id": 1886821841552}, "(5, 6)": {"piece_type": "GCW", "owner_id": 1886821836880}, "(4, 7)": {"piece_type": "YCB", "owner_id": 1886821841552}, "(5, 2)": {"piece_type": "YCW", "owner_id": 1886821836880}, "(3, 3)": {"piece_type": "RRB", "owner_id": 1886821841552}, "(4, 2)": {"piece_type": "YRW", "owner_id": 1886821836880}, "(3, 5)": {"piece_type": "GRB", "owner_id": 1886821841552}, "(5, 3)": {"piece_type": "YRW", "owner_id": 1886821836880}, "(4, 4)": {"piece_type": "BRB", "owner_id": 1886821841552}, "(2, 4)": {"piece_type": "BRW", "owner_id": 1886821836880}, "(0, 4)": {"piece_type": "GRB", "owner_id": 1886821841552}, "(3, 1)": {"piece_type": "GRW", "owner_id": 1886821836880}, "(1, 5)": {"piece_type": "YRB", "owner_id": 1886821841552}, "(2, 2)": {"piece_type": "BRW", "owner_id": 1886821836880}, "(1, 3)": {"piece_type": "RRB", "owner_id": 1886821841552}, "(7, 3)": {"piece_type": "GRW", "owner_id": 1886821836880}, "(6, 2)": {"piece_type": "GRB", "owner_id": 1886821841552}, "(5, 1)": {"piece_type": "RRW", "owner_id": 1886821836880}, "(2, 6)": {"piece_type": "RRB", "owner_id": 1886821841552}, "(4, 0)": {"piece_type": "RRW", "owner_id": 1886821836880}, "(8, 4)": {"piece_type": "BRB", "owner_id": 1886821841552}, "(3, 7)": {"piece_type": "RRW", "owner_id": 1886821836880}, "(4, 8)": {"piece_type": "YRB", "owner_id": 1886821841552}, "(6, 6)": {"piece_type": "GRW", "owner_id": 1886821836880}, "(4, 6)": {"piece_type": "YRB", "owner_id": 1886821841552}}, "dim": [9, 9]}, "max_step": 40, "step": 38, "players_pieces_left": {"1886821836880": {"RC": 0, "RR": 0, "GC": 0, "GR": 0, "BC": 0, "BR": 0, "YC": 0, "YR": 1}, "1886821841552": {"RC": 0, "RR": 0, "GC": 0, "GR": 0, "BC": 0, "BR": 1, "YC": 0, "YR": 0}}}, {"scores": {"1886821836880": 16, "1886821841552": 20}, "next_player": {"name": "skypiea_v2_3_2", "id": 1886821841552, "piece_type": "B"}, "players": [{"name": "skypiea_v2_1_1", "id": 1886821836880, "piece_type": "W"}, {"name": "skypiea_v2_3_2", "id": 1886821841552, "piece_type": "B"}], "rep": {"env": {"(6, 5)": {"piece_type": "BCW", "owner_id": 1886821836880}, "(3, 4)": {"piece_type": "RCB", "owner_id": 1886821841552}, "(6, 4)": {"piece_type": "BRW", "owner_id": 1886821836880}, "(7, 4)": {"piece_type": "BCB", "owner_id": 1886821841552}, "(6, 3)": {"piece_type": "BCW", "owner_id": 1886821836880}, "(5, 4)": {"piece_type": "BCB", "owner_id": 1886821841552}, "(3, 6)": {"piece_type": "RCW", "owner_id": 1886821836880}, "(1, 4)": {"piece_type": "GCB", "owner_id": 1886821841552}, "(4, 1)": {"piece_type": "RCW", "owner_id": 1886821836880}, "(2, 3)": {"piece_type": "RCB", "owner_id": 1886821841552}, "(4, 3)": {"piece_type": "YCW", "owner_id": 1886821836880}, "(4, 5)": {"piece_type": "GCB", "owner_id": 1886821841552}, "(3, 2)": {"piece_type": "GCW", "owner_id": 1886821836880}, "(2, 5)": {"piece_type": "YCB", "owner_id": 1886821841552}, "(5, 6)": {"piece_type": "GCW", "owner_id": 1886821836880}, "(4, 7)": {"piece_type": "YCB", "owner_id": 1886821841552}, "(5, 2)": {"piece_type": "YCW", "owner_id": 1886821836880}, "(3, 3)": {"piece_type": "RRB", "owner_id": 1886821841552}, "(4, 2)": {"piece_type": "YRW", "owner_id": 1886821836880}, "(3, 5)": {"piece_type": "GRB", "owner_id": 1886821841552}, "(5, 3)": {"piece_type": "YRW", "owner_id": 1886821836880}, "(4, 4)": {"piece_type": "BRB", "owner_id": 1886821841552}, "(2, 4)": {"piece_type": "BRW", "owner_id": 1886821836880}, "(0, 4)": {"piece_type": "GRB", "owner_id": 1886821841552}, "(3, 1)": {"piece_type": "GRW", "owner_id": 1886821836880}, "(1, 5)": {"piece_type": "YRB", "owner_id": 1886821841552}, "(2, 2)": {"piece_type": "BRW", "owner_id": 1886821836880}, "(1, 3)": {"piece_type": "RRB", "owner_id": 1886821841552}, "(7, 3)": {"piece_type": "GRW", "owner_id": 1886821836880}, "(6, 2)": {"piece_type": "GRB", "owner_id": 1886821841552}, "(5, 1)": {"piece_type": "RRW", "owner_id": 1886821836880}, "(2, 6)": {"piece_type": "RRB", "owner_id": 1886821841552}, "(4, 0)": {"piece_type": "RRW", "owner_id": 1886821836880}, "(8, 4)": {"piece_type": "BRB", "owner_id": 1886821841552}, "(3, 7)": {"piece_type": "RRW", "owner_id": 1886821836880}, "(4, 8)": {"piece_type": "YRB", "owner_id": 1886821841552}, "(6, 6)": {"piece_type": "GRW", "owner_id": 1886821836880}, "(4, 6)": {"piece_type": "YRB", "owner_id": 1886821841552}, "(5, 5)": {"piece_type": "YRW", "owner_id": 1886821836880}}, "dim": [9, 9]}, "max_step": 40, "step": 39, "players_pieces_left": {"1886821836880": {"RC": 0, "RR": 0, "GC": 0, "GR": 0, "BC": 0, "BR": 0, "YC": 0, "YR": 0}, "1886821841552": {"RC": 0, "RR": 0, "GC": 0, "GR": 0, "BC": 0, "BR": 1, "YC": 0, "YR": 0}}}, {"scores": {"1886821836880": 17, "1886821841552": 21}, "next_player": {"name": "skypiea_v2_1_1", "id": 1886821836880, "piece_type": "W"}, "players": [{"name": "skypiea_v2_1_1", "id": 1886821836880, "piece_type": "W"}, {"name": "skypiea_v2_3_2", "id": 1886821841552, "piece_type": "B"}], "rep": {"env": {"(6, 5)": {"piece_type": "BCW", "owner_id": 1886821836880}, "(3, 4)": {"piece_type": "RCB", "owner_id": 1886821841552}, "(6, 4)": {"piece_type": "BRW", "owner_id": 1886821836880}, "(7, 4)": {"piece_type": "BCB", "owner_id": 1886821841552}, "(6, 3)": {"piece_type": "BCW", "owner_id": 1886821836880}, "(5, 4)": {"piece_type": "BCB", "owner_id": 1886821841552}, "(3, 6)": {"piece_type": "RCW", "owner_id": 1886821836880}, "(1, 4)": {"piece_type": "GCB", "owner_id": 1886821841552}, "(4, 1)": {"piece_type": "RCW", "owner_id": 1886821836880}, "(2, 3)": {"piece_type": "RCB", "owner_id": 1886821841552}, "(4, 3)": {"piece_type": "YCW", "owner_id": 1886821836880}, "(4, 5)": {"piece_type": "GCB", "owner_id": 1886821841552}, "(3, 2)": {"piece_type": "GCW", "owner_id": 1886821836880}, "(2, 5)": {"piece_type": "YCB", "owner_id": 1886821841552}, "(5, 6)": {"piece_type": "GCW", "owner_id": 1886821836880}, "(4, 7)": {"piece_type": "YCB", "owner_id": 1886821841552}, "(5, 2)": {"piece_type": "YCW", "owner_id": 1886821836880}, "(3, 3)": {"piece_type": "RRB", "owner_id": 1886821841552}, "(4, 2)": {"piece_type": "YRW", "owner_id": 1886821836880}, "(3, 5)": {"piece_type": "GRB", "owner_id": 1886821841552}, "(5, 3)": {"piece_type": "YRW", "owner_id": 1886821836880}, "(4, 4)": {"piece_type": "BRB", "owner_id": 1886821841552}, "(2, 4)": {"piece_type": "BRW", "owner_id": 1886821836880}, "(0, 4)": {"piece_type": "GRB", "owner_id": 1886821841552}, "(3, 1)": {"piece_type": "GRW", "owner_id": 1886821836880}, "(1, 5)": {"piece_type": "YRB", "owner_id": 1886821841552}, "(2, 2)": {"piece_type": "BRW", "owner_id": 1886821836880}, "(1, 3)": {"piece_type": "RRB", "owner_id": 1886821841552}, "(7, 3)": {"piece_type": "GRW", "owner_id": 1886821836880}, "(6, 2)": {"piece_type": "GRB", "owner_id": 1886821841552}, "(5, 1)": {"piece_type": "RRW", "owner_id": 1886821836880}, "(2, 6)": {"piece_type": "RRB", "owner_id": 1886821841552}, "(4, 0)": {"piece_type": "RRW", "owner_id": 1886821836880}, "(8, 4)": {"piece_type": "BRB", "owner_id": 1886821841552}, "(3, 7)": {"piece_type": "RRW", "owner_id": 1886821836880}, "(4, 8)": {"piece_type": "YRB", "owner_id": 1886821841552}, "(6, 6)": {"piece_type": "GRW", "owner_id": 1886821836880}, "(4, 6)": {"piece_type": "YRB", "owner_id": 1886821841552}, "(5, 5)": {"piece_type": "YRW", "owner_id": 1886821836880}, "(7, 5)": {"piece_type": "BRB", "owner_id": 1886821841552}}, "dim": [9, 9]}, "max_step": 40, "step": 40, "players_pieces_left": {"1886821836880": {"RC": 0, "RR": 0, "GC": 0, "GR": 0, "BC": 0, "BR": 0, "YC": 0, "YR": 0}, "1886821841552": {"RC": 0, "RR": 0, "GC": 0, "GR": 0, "BC": 0, "BR": 0, "YC": 0, "YR": 0}}}]