[{"scores": {"2502106834960": 0, "2502106839760": 0}, "next_player": {"name": "skypiea_v2_1_1", "id": 2502106834960, "piece_type": "W"}, "players": [{"name": "skypiea_v2_1_1", "id": 2502106834960, "piece_type": "W"}, {"name": "Wano_2", "id": 2502106839760, "piece_type": "B"}], "rep": {"env": {}, "dim": [9, 9]}, "max_step": 40, "step": 0, "players_pieces_left": {"2502106834960": {"RC": 2, "RR": 3, "GC": 2, "GR": 3, "BC": 2, "BR": 3, "YC": 2, "YR": 3}, "2502106839760": {"RC": 2, "RR": 3, "GC": 2, "GR": 3, "BC": 2, "BR": 3, "YC": 2, "YR": 3}}}, {"scores": {"2502106834960": 0, "2502106839760": 0}, "next_player": {"name": "Wano_2", "id": 2502106839760, "piece_type": "B"}, "players": [{"name": "skypiea_v2_1_1", "id": 2502106834960, "piece_type": "W"}, {"name": "Wano_2", "id": 2502106839760, "piece_type": "B"}], "rep": {"env": {"(2, 5)": {"piece_type": "RCW", "owner_id": 2502106834960}}, "dim": [9, 9]}, "max_step": 40, "step": 1, "players_pieces_left": {"2502106834960": {"RC": 1, "RR": 3, "GC": 2, "GR": 3, "BC": 2, "BR": 3, "YC": 2, "YR": 3}, "2502106839760": {"RC": 2, "RR": 3, "GC": 2, "GR": 3, "BC": 2, "BR": 3, "YC": 2, "YR": 3}}}, {"scores": {"2502106834960": 0, "2502106839760": 0}, "next_player": {"name": "skypiea_v2_1_1", "id": 2502106834960, "piece_type": "W"}, "players": [{"name": "skypiea_v2_1_1", "id": 2502106834960, "piece_type": "W"}, {"name": "Wano_2", "id": 2502106839760, "piece_type": "B"}], "rep": {"env": {"(2, 5)": {"piece_type": "RCW", "owner_id": 2502106834960}, "(4, 7)": {"piece_type": "RCB", "owner_id": 2502106839760}}, "dim": [9, 9]}, "max_step": 40, "step": 2, "players_pieces_left": {"2502106834960": {"RC": 1, "RR": 3, "GC": 2, "GR": 3, "BC": 2, "BR": 3, "YC": 2, "YR": 3}, "2502106839760": {"RC": 1, "RR": 3, "GC": 2, "GR": 3, "BC": 2, "BR": 3, "YC": 2, "YR": 3}}}, {"scores": {"2502106834960": 1, "2502106839760": 0}, "next_player": {"name": "Wano_2", "id": 2502106839760, "piece_type": "B"}, "players": [{"name": "skypiea_v2_1_1", "id": 2502106834960, "piece_type": "W"}, {"name": "Wano_2", "id": 2502106839760, "piece_type": "B"}], "rep": {"env": {"(2, 5)": {"piece_type": "RCW", "owner_id": 2502106834960}, "(4, 7)": {"piece_type": "RCB", "owner_id": 2502106839760}, "(2, 4)": {"piece_type": "RRW", "owner_id": 2502106834960}}, "dim": [9, 9]}, "max_step": 40, "step": 3, "players_pieces_left": {"2502106834960": {"RC": 1, "RR": 2, "GC": 2, "GR": 3, "BC": 2, "BR": 3, "YC": 2, "YR": 3}, "2502106839760": {"RC": 1, "RR": 3, "GC": 2, "GR": 3, "BC": 2, "BR": 3, "YC": 2, "YR": 3}}}, {"scores": {"2502106834960": 1, "2502106839760": 1}, "next_player": {"name": "skypiea_v2_1_1", "id": 2502106834960, "piece_type": "W"}, "players": [{"name": "skypiea_v2_1_1", "id": 2502106834960, "piece_type": "W"}, {"name": "Wano_2", "id": 2502106839760, "piece_type": "B"}], "rep": {"env": {"(2, 5)": {"piece_type": "RCW", "owner_id": 2502106834960}, "(4, 7)": {"piece_type": "RCB", "owner_id": 2502106839760}, "(2, 4)": {"piece_type": "RRW", "owner_id": 2502106834960}, "(2, 3)": {"piece_type": "RCB", "owner_id": 2502106839760}}, "dim": [9, 9]}, "max_step": 40, "step": 4, "players_pieces_left": {"2502106834960": {"RC": 1, "RR": 2, "GC": 2, "GR": 3, "BC": 2, "BR": 3, "YC": 2, "YR": 3}, "2502106839760": {"RC": 0, "RR": 3, "GC": 2, "GR": 3, "BC": 2, "BR": 3, "YC": 2, "YR": 3}}}]