[{"scores": {"1958940943696": 0, "1958940944592": 0}, "next_player": {"name": "skypiea_v2_3_1", "id": 1958940943696, "piece_type": "W"}, "players": [{"name": "skypiea_v2_3_1", "id": 1958940943696, "piece_type": "W"}, {"name": "skypiea_v2_1_2", "id": 1958940944592, "piece_type": "B"}], "rep": {"env": {}, "dim": [9, 9]}, "max_step": 40, "step": 0, "players_pieces_left": {"1958940943696": {"RC": 2, "RR": 3, "GC": 2, "GR": 3, "BC": 2, "BR": 3, "YC": 2, "YR": 3}, "1958940944592": {"RC": 2, "RR": 3, "GC": 2, "GR": 3, "BC": 2, "BR": 3, "YC": 2, "YR": 3}}}, {"scores": {"1958940943696": 0, "1958940944592": 0}, "next_player": {"name": "skypiea_v2_1_2", "id": 1958940944592, "piece_type": "B"}, "players": [{"name": "skypiea_v2_3_1", "id": 1958940943696, "piece_type": "W"}, {"name": "skypiea_v2_1_2", "id": 1958940944592, "piece_type": "B"}], "rep": {"env": {"(4, 1)": {"piece_type": "GCW", "owner_id": 1958940943696}}, "dim": [9, 9]}, "max_step": 40, "step": 1, "players_pieces_left": {"1958940943696": {"RC": 2, "RR": 3, "GC": 1, "GR": 3, "BC": 2, "BR": 3, "YC": 2, "YR": 3}, "1958940944592": {"RC": 2, "RR": 3, "GC": 2, "GR": 3, "BC": 2, "BR": 3, "YC": 2, "YR": 3}}}, {"scores": {"1958940943696": 0, "1958940944592": 0}, "next_player": {"name": "skypiea_v2_3_1", "id": 1958940943696, "piece_type": "W"}, "players": [{"name": "skypiea_v2_3_1", "id": 1958940943696, "piece_type": "W"}, {"name": "skypiea_v2_1_2", "id": 1958940944592, "piece_type": "B"}], "rep": {"env": {"(4, 1)": {"piece_type": "GCW", "owner_id": 1958940943696}, "(5, 6)": {"piece_type": "YCB", "owner_id": 1958940944592}}, "dim": [9, 9]}, "max_step": 40, "step": 2, "players_pieces_left": {"1958940943696": {"RC": 2, "RR": 3, "GC": 1, "GR": 3, "BC": 2, "BR": 3, "YC": 2, "YR": 3}, "1958940944592": {"RC": 2, "RR": 3, "GC": 2, "GR": 3, "BC": 2, "BR": 3, "YC": 1, "YR": 3}}}, {"scores": {"1958940943696": 0, "1958940944592": 0}, "next_player": {"name": "skypiea_v2_1_2", "id": 1958940944592, "piece_type": "B"}, "players": [{"name": "skypiea_v2_3_1", "id": 1958940943696, "piece_type": "W"}, {"name": "skypiea_v2_1_2", "id": 1958940944592, "piece_type": "B"}], "rep": {"env": {"(4, 1)": {"piece_type": "GCW", "owner_id": 1958940943696}, "(5, 6)": {"piece_type": "YCB", "owner_id": 1958940944592}, "(6, 3)": {"piece_type": "GCW", "owner_id": 1958940943696}}, "dim": [9, 9]}, "max_step": 40, "step": 3, "players_pieces_left": {"1958940943696": {"RC": 2, "RR": 3, "GC": 0, "GR": 3, "BC": 2, "BR": 3, "YC": 2, "YR": 3}, "1958940944592": {"RC": 2, "RR": 3, "GC": 2, "GR": 3, "BC": 2, "BR": 3, "YC": 1, "YR": 3}}}, {"scores": {"1958940943696": 0, "1958940944592": 1}, "next_player": {"name": "skypiea_v2_3_1", "id": 1958940943696, "piece_type": "W"}, "players": [{"name": "skypiea_v2_3_1", "id": 1958940943696, "piece_type": "W"}, {"name": "skypiea_v2_1_2", "id": 1958940944592, "piece_type": "B"}], "rep": {"env": {"(4, 1)": {"piece_type": "GCW", "owner_id": 1958940943696}, "(5, 6)": {"piece_type": "YCB", "owner_id": 1958940944592}, "(6, 3)": {"piece_type": "GCW", "owner_id": 1958940943696}, "(4, 6)": {"piece_type": "YRB", "owner_id": 1958940944592}}, "dim": [9, 9]}, "max_step": 40, "step": 4, "players_pieces_left": {"1958940943696": {"RC": 2, "RR": 3, "GC": 0, "GR": 3, "BC": 2, "BR": 3, "YC": 2, "YR": 3}, "1958940944592": {"RC": 2, "RR": 3, "GC": 2, "GR": 3, "BC": 2, "BR": 3, "YC": 1, "YR": 2}}}, {"scores": {"1958940943696": 1, "1958940944592": 1}, "next_player": {"name": "skypiea_v2_1_2", "id": 1958940944592, "piece_type": "B"}, "players": [{"name": "skypiea_v2_3_1", "id": 1958940943696, "piece_type": "W"}, {"name": "skypiea_v2_1_2", "id": 1958940944592, "piece_type": "B"}], "rep": {"env": {"(4, 1)": {"piece_type": "GCW", "owner_id": 1958940943696}, "(5, 6)": {"piece_type": "YCB", "owner_id": 1958940944592}, "(6, 3)": {"piece_type": "GCW", "owner_id": 1958940943696}, "(4, 6)": {"piece_type": "YRB", "owner_id": 1958940944592}, "(4, 5)": {"piece_type": "YCW", "owner_id": 1958940943696}}, "dim": [9, 9]}, "max_step": 40, "step": 5, "players_pieces_left": {"1958940943696": {"RC": 2, "RR": 3, "GC": 0, "GR": 3, "BC": 2, "BR": 3, "YC": 1, "YR": 3}, "1958940944592": {"RC": 2, "RR": 3, "GC": 2, "GR": 3, "BC": 2, "BR": 3, "YC": 1, "YR": 2}}}, {"scores": {"1958940943696": 1, "1958940944592": 2}, "next_player": {"name": "skypiea_v2_3_1", "id": 1958940943696, "piece_type": "W"}, "players": [{"name": "skypiea_v2_3_1", "id": 1958940943696, "piece_type": "W"}, {"name": "skypiea_v2_1_2", "id": 1958940944592, "piece_type": "B"}], "rep": {"env": {"(4, 1)": {"piece_type": "GCW", "owner_id": 1958940943696}, "(5, 6)": {"piece_type": "YCB", "owner_id": 1958940944592}, "(6, 3)": {"piece_type": "GCW", "owner_id": 1958940943696}, "(4, 6)": {"piece_type": "YRB", "owner_id": 1958940944592}, "(4, 5)": {"piece_type": "YCW", "owner_id": 1958940943696}, "(3, 6)": {"piece_type": "YCB", "owner_id": 1958940944592}}, "dim": [9, 9]}, "max_step": 40, "step": 6, "players_pieces_left": {"1958940943696": {"RC": 2, "RR": 3, "GC": 0, "GR": 3, "BC": 2, "BR": 3, "YC": 1, "YR": 3}, "1958940944592": {"RC": 2, "RR": 3, "GC": 2, "GR": 3, "BC": 2, "BR": 3, "YC": 0, "YR": 2}}}, {"scores": {"1958940943696": 2, "1958940944592": 2}, "next_player": {"name": "skypiea_v2_1_2", "id": 1958940944592, "piece_type": "B"}, "players": [{"name": "skypiea_v2_3_1", "id": 1958940943696, "piece_type": "W"}, {"name": "skypiea_v2_1_2", "id": 1958940944592, "piece_type": "B"}], "rep": {"env": {"(4, 1)": {"piece_type": "GCW", "owner_id": 1958940943696}, "(5, 6)": {"piece_type": "YCB", "owner_id": 1958940944592}, "(6, 3)": {"piece_type": "GCW", "owner_id": 1958940943696}, "(4, 6)": {"piece_type": "YRB", "owner_id": 1958940944592}, "(4, 5)": {"piece_type": "YCW", "owner_id": 1958940943696}, "(3, 6)": {"piece_type": "YCB", "owner_id": 1958940944592}, "(4, 7)": {"piece_type": "YCW", "owner_id": 1958940943696}}, "dim": [9, 9]}, "max_step": 40, "step": 7, "players_pieces_left": {"1958940943696": {"RC": 2, "RR": 3, "GC": 0, "GR": 3, "BC": 2, "BR": 3, "YC": 0, "YR": 3}, "1958940944592": {"RC": 2, "RR": 3, "GC": 2, "GR": 3, "BC": 2, "BR": 3, "YC": 0, "YR": 2}}}, {"scores": {"1958940943696": 2, "1958940944592": 2}, "next_player": {"name": "skypiea_v2_3_1", "id": 1958940943696, "piece_type": "W"}, "players": [{"name": "skypiea_v2_3_1", "id": 1958940943696, "piece_type": "W"}, {"name": "skypiea_v2_1_2", "id": 1958940944592, "piece_type": "B"}], "rep": {"env": {"(4, 1)": {"piece_type": "GCW", "owner_id": 1958940943696}, "(5, 6)": {"piece_type": "YCB", "owner_id": 1958940944592}, "(6, 3)": {"piece_type": "GCW", "owner_id": 1958940943696}, "(4, 6)": {"piece_type": "YRB", "owner_id": 1958940944592}, "(4, 5)": {"piece_type": "YCW", "owner_id": 1958940943696}, "(3, 6)": {"piece_type": "YCB", "owner_id": 1958940944592}, "(4, 7)": {"piece_type": "YCW", "owner_id": 1958940943696}, "(5, 2)": {"piece_type": "GCB", "owner_id": 1958940944592}}, "dim": [9, 9]}, "max_step": 40, "step": 8, "players_pieces_left": {"1958940943696": {"RC": 2, "RR": 3, "GC": 0, "GR": 3, "BC": 2, "BR": 3, "YC": 0, "YR": 3}, "1958940944592": {"RC": 2, "RR": 3, "GC": 1, "GR": 3, "BC": 2, "BR": 3, "YC": 0, "YR": 2}}}, {"scores": {"1958940943696": 2, "1958940944592": 2}, "next_player": {"name": "skypiea_v2_1_2", "id": 1958940944592, "piece_type": "B"}, "players": [{"name": "skypiea_v2_3_1", "id": 1958940943696, "piece_type": "W"}, {"name": "skypiea_v2_1_2", "id": 1958940944592, "piece_type": "B"}], "rep": {"env": {"(4, 1)": {"piece_type": "GCW", "owner_id": 1958940943696}, "(5, 6)": {"piece_type": "YCB", "owner_id": 1958940944592}, "(6, 3)": {"piece_type": "GCW", "owner_id": 1958940943696}, "(4, 6)": {"piece_type": "YRB", "owner_id": 1958940944592}, "(4, 5)": {"piece_type": "YCW", "owner_id": 1958940943696}, "(3, 6)": {"piece_type": "YCB", "owner_id": 1958940944592}, "(4, 7)": {"piece_type": "YCW", "owner_id": 1958940943696}, "(5, 2)": {"piece_type": "GCB", "owner_id": 1958940944592}, "(2, 3)": {"piece_type": "BCW", "owner_id": 1958940943696}}, "dim": [9, 9]}, "max_step": 40, "step": 9, "players_pieces_left": {"1958940943696": {"RC": 2, "RR": 3, "GC": 0, "GR": 3, "BC": 1, "BR": 3, "YC": 0, "YR": 3}, "1958940944592": {"RC": 2, "RR": 3, "GC": 1, "GR": 3, "BC": 2, "BR": 3, "YC": 0, "YR": 2}}}, {"scores": {"1958940943696": 2, "1958940944592": 2}, "next_player": {"name": "skypiea_v2_3_1", "id": 1958940943696, "piece_type": "W"}, "players": [{"name": "skypiea_v2_3_1", "id": 1958940943696, "piece_type": "W"}, {"name": "skypiea_v2_1_2", "id": 1958940944592, "piece_type": "B"}], "rep": {"env": {"(4, 1)": {"piece_type": "GCW", "owner_id": 1958940943696}, "(5, 6)": {"piece_type": "YCB", "owner_id": 1958940944592}, "(6, 3)": {"piece_type": "GCW", "owner_id": 1958940943696}, "(4, 6)": {"piece_type": "YRB", "owner_id": 1958940944592}, "(4, 5)": {"piece_type": "YCW", "owner_id": 1958940943696}, "(3, 6)": {"piece_type": "YCB", "owner_id": 1958940944592}, "(4, 7)": {"piece_type": "YCW", "owner_id": 1958940943696}, "(5, 2)": {"piece_type": "GCB", "owner_id": 1958940944592}, "(2, 3)": {"piece_type": "BCW", "owner_id": 1958940943696}, "(3, 2)": {"piece_type": "BCB", "owner_id": 1958940944592}}, "dim": [9, 9]}, "max_step": 40, "step": 10, "players_pieces_left": {"1958940943696": {"RC": 2, "RR": 3, "GC": 0, "GR": 3, "BC": 1, "BR": 3, "YC": 0, "YR": 3}, "1958940944592": {"RC": 2, "RR": 3, "GC": 1, "GR": 3, "BC": 1, "BR": 3, "YC": 0, "YR": 2}}}, {"scores": {"1958940943696": 2, "1958940944592": 2}, "next_player": {"name": "skypiea_v2_1_2", "id": 1958940944592, "piece_type": "B"}, "players": [{"name": "skypiea_v2_3_1", "id": 1958940943696, "piece_type": "W"}, {"name": "skypiea_v2_1_2", "id": 1958940944592, "piece_type": "B"}], "rep": {"env": {"(4, 1)": {"piece_type": "GCW", "owner_id": 1958940943696}, "(5, 6)": {"piece_type": "YCB", "owner_id": 1958940944592}, "(6, 3)": {"piece_type": "GCW", "owner_id": 1958940943696}, "(4, 6)": {"piece_type": "YRB", "owner_id": 1958940944592}, "(4, 5)": {"piece_type": "YCW", "owner_id": 1958940943696}, "(3, 6)": {"piece_type": "YCB", "owner_id": 1958940944592}, "(4, 7)": {"piece_type": "YCW", "owner_id": 1958940943696}, "(5, 2)": {"piece_type": "GCB", "owner_id": 1958940944592}, "(2, 3)": {"piece_type": "BCW", "owner_id": 1958940943696}, "(3, 2)": {"piece_type": "BCB", "owner_id": 1958940944592}, "(1, 4)": {"piece_type": "BCW", "owner_id": 1958940943696}}, "dim": [9, 9]}, "max_step": 40, "step": 11, "players_pieces_left": {"1958940943696": {"RC": 2, "RR": 3, "GC": 0, "GR": 3, "BC": 0, "BR": 3, "YC": 0, "YR": 3}, "1958940944592": {"RC": 2, "RR": 3, "GC": 1, "GR": 3, "BC": 1, "BR": 3, "YC": 0, "YR": 2}}}, {"scores": {"1958940943696": 2, "1958940944592": 2}, "next_player": {"name": "skypiea_v2_3_1", "id": 1958940943696, "piece_type": "W"}, "players": [{"name": "skypiea_v2_3_1", "id": 1958940943696, "piece_type": "W"}, {"name": "skypiea_v2_1_2", "id": 1958940944592, "piece_type": "B"}], "rep": {"env": {"(4, 1)": {"piece_type": "GCW", "owner_id": 1958940943696}, "(5, 6)": {"piece_type": "YCB", "owner_id": 1958940944592}, "(6, 3)": {"piece_type": "GCW", "owner_id": 1958940943696}, "(4, 6)": {"piece_type": "YRB", "owner_id": 1958940944592}, "(4, 5)": {"piece_type": "YCW", "owner_id": 1958940943696}, "(3, 6)": {"piece_type": "YCB", "owner_id": 1958940944592}, "(4, 7)": {"piece_type": "YCW", "owner_id": 1958940943696}, "(5, 2)": {"piece_type": "GCB", "owner_id": 1958940944592}, "(2, 3)": {"piece_type": "BCW", "owner_id": 1958940943696}, "(3, 2)": {"piece_type": "BCB", "owner_id": 1958940944592}, "(1, 4)": {"piece_type": "BCW", "owner_id": 1958940943696}, "(5, 4)": {"piece_type": "GCB", "owner_id": 1958940944592}}, "dim": [9, 9]}, "max_step": 40, "step": 12, "players_pieces_left": {"1958940943696": {"RC": 2, "RR": 3, "GC": 0, "GR": 3, "BC": 0, "BR": 3, "YC": 0, "YR": 3}, "1958940944592": {"RC": 2, "RR": 3, "GC": 0, "GR": 3, "BC": 1, "BR": 3, "YC": 0, "YR": 2}}}, {"scores": {"1958940943696": 2, "1958940944592": 2}, "next_player": {"name": "skypiea_v2_1_2", "id": 1958940944592, "piece_type": "B"}, "players": [{"name": "skypiea_v2_3_1", "id": 1958940943696, "piece_type": "W"}, {"name": "skypiea_v2_1_2", "id": 1958940944592, "piece_type": "B"}], "rep": {"env": {"(4, 1)": {"piece_type": "GCW", "owner_id": 1958940943696}, "(5, 6)": {"piece_type": "YCB", "owner_id": 1958940944592}, "(6, 3)": {"piece_type": "GCW", "owner_id": 1958940943696}, "(4, 6)": {"piece_type": "YRB", "owner_id": 1958940944592}, "(4, 5)": {"piece_type": "YCW", "owner_id": 1958940943696}, "(3, 6)": {"piece_type": "YCB", "owner_id": 1958940944592}, "(4, 7)": {"piece_type": "YCW", "owner_id": 1958940943696}, "(5, 2)": {"piece_type": "GCB", "owner_id": 1958940944592}, "(2, 3)": {"piece_type": "BCW", "owner_id": 1958940943696}, "(3, 2)": {"piece_type": "BCB", "owner_id": 1958940944592}, "(1, 4)": {"piece_type": "BCW", "owner_id": 1958940943696}, "(5, 4)": {"piece_type": "GCB", "owner_id": 1958940944592}, "(3, 4)": {"piece_type": "RCW", "owner_id": 1958940943696}}, "dim": [9, 9]}, "max_step": 40, "step": 13, "players_pieces_left": {"1958940943696": {"RC": 1, "RR": 3, "GC": 0, "GR": 3, "BC": 0, "BR": 3, "YC": 0, "YR": 3}, "1958940944592": {"RC": 2, "RR": 3, "GC": 0, "GR": 3, "BC": 1, "BR": 3, "YC": 0, "YR": 2}}}, {"scores": {"1958940943696": 2, "1958940944592": 2}, "next_player": {"name": "skypiea_v2_3_1", "id": 1958940943696, "piece_type": "W"}, "players": [{"name": "skypiea_v2_3_1", "id": 1958940943696, "piece_type": "W"}, {"name": "skypiea_v2_1_2", "id": 1958940944592, "piece_type": "B"}], "rep": {"env": {"(4, 1)": {"piece_type": "GCW", "owner_id": 1958940943696}, "(5, 6)": {"piece_type": "YCB", "owner_id": 1958940944592}, "(6, 3)": {"piece_type": "GCW", "owner_id": 1958940943696}, "(4, 6)": {"piece_type": "YRB", "owner_id": 1958940944592}, "(4, 5)": {"piece_type": "YCW", "owner_id": 1958940943696}, "(3, 6)": {"piece_type": "YCB", "owner_id": 1958940944592}, "(4, 7)": {"piece_type": "YCW", "owner_id": 1958940943696}, "(5, 2)": {"piece_type": "GCB", "owner_id": 1958940944592}, "(2, 3)": {"piece_type": "BCW", "owner_id": 1958940943696}, "(3, 2)": {"piece_type": "BCB", "owner_id": 1958940944592}, "(1, 4)": {"piece_type": "BCW", "owner_id": 1958940943696}, "(5, 4)": {"piece_type": "GCB", "owner_id": 1958940944592}, "(3, 4)": {"piece_type": "RCW", "owner_id": 1958940943696}, "(2, 5)": {"piece_type": "BCB", "owner_id": 1958940944592}}, "dim": [9, 9]}, "max_step": 40, "step": 14, "players_pieces_left": {"1958940943696": {"RC": 1, "RR": 3, "GC": 0, "GR": 3, "BC": 0, "BR": 3, "YC": 0, "YR": 3}, "1958940944592": {"RC": 2, "RR": 3, "GC": 0, "GR": 3, "BC": 0, "BR": 3, "YC": 0, "YR": 2}}}, {"scores": {"1958940943696": 2, "1958940944592": 2}, "next_player": {"name": "skypiea_v2_1_2", "id": 1958940944592, "piece_type": "B"}, "players": [{"name": "skypiea_v2_3_1", "id": 1958940943696, "piece_type": "W"}, {"name": "skypiea_v2_1_2", "id": 1958940944592, "piece_type": "B"}], "rep": {"env": {"(4, 1)": {"piece_type": "GCW", "owner_id": 1958940943696}, "(5, 6)": {"piece_type": "YCB", "owner_id": 1958940944592}, "(6, 3)": {"piece_type": "GCW", "owner_id": 1958940943696}, "(4, 6)": {"piece_type": "YRB", "owner_id": 1958940944592}, "(4, 5)": {"piece_type": "YCW", "owner_id": 1958940943696}, "(3, 6)": {"piece_type": "YCB", "owner_id": 1958940944592}, "(4, 7)": {"piece_type": "YCW", "owner_id": 1958940943696}, "(5, 2)": {"piece_type": "GCB", "owner_id": 1958940944592}, "(2, 3)": {"piece_type": "BCW", "owner_id": 1958940943696}, "(3, 2)": {"piece_type": "BCB", "owner_id": 1958940944592}, "(1, 4)": {"piece_type": "BCW", "owner_id": 1958940943696}, "(5, 4)": {"piece_type": "GCB", "owner_id": 1958940944592}, "(3, 4)": {"piece_type": "RCW", "owner_id": 1958940943696}, "(2, 5)": {"piece_type": "BCB", "owner_id": 1958940944592}, "(6, 5)": {"piece_type": "RCW", "owner_id": 1958940943696}}, "dim": [9, 9]}, "max_step": 40, "step": 15, "players_pieces_left": {"1958940943696": {"RC": 0, "RR": 3, "GC": 0, "GR": 3, "BC": 0, "BR": 3, "YC": 0, "YR": 3}, "1958940944592": {"RC": 2, "RR": 3, "GC": 0, "GR": 3, "BC": 0, "BR": 3, "YC": 0, "YR": 2}}}, {"scores": {"1958940943696": 2, "1958940944592": 2}, "next_player": {"name": "skypiea_v2_3_1", "id": 1958940943696, "piece_type": "W"}, "players": [{"name": "skypiea_v2_3_1", "id": 1958940943696, "piece_type": "W"}, {"name": "skypiea_v2_1_2", "id": 1958940944592, "piece_type": "B"}], "rep": {"env": {"(4, 1)": {"piece_type": "GCW", "owner_id": 1958940943696}, "(5, 6)": {"piece_type": "YCB", "owner_id": 1958940944592}, "(6, 3)": {"piece_type": "GCW", "owner_id": 1958940943696}, "(4, 6)": {"piece_type": "YRB", "owner_id": 1958940944592}, "(4, 5)": {"piece_type": "YCW", "owner_id": 1958940943696}, "(3, 6)": {"piece_type": "YCB", "owner_id": 1958940944592}, "(4, 7)": {"piece_type": "YCW", "owner_id": 1958940943696}, "(5, 2)": {"piece_type": "GCB", "owner_id": 1958940944592}, "(2, 3)": {"piece_type": "BCW", "owner_id": 1958940943696}, "(3, 2)": {"piece_type": "BCB", "owner_id": 1958940944592}, "(1, 4)": {"piece_type": "BCW", "owner_id": 1958940943696}, "(5, 4)": {"piece_type": "GCB", "owner_id": 1958940944592}, "(3, 4)": {"piece_type": "RCW", "owner_id": 1958940943696}, "(2, 5)": {"piece_type": "BCB", "owner_id": 1958940944592}, "(6, 5)": {"piece_type": "RCW", "owner_id": 1958940943696}, "(4, 3)": {"piece_type": "RCB", "owner_id": 1958940944592}}, "dim": [9, 9]}, "max_step": 40, "step": 16, "players_pieces_left": {"1958940943696": {"RC": 0, "RR": 3, "GC": 0, "GR": 3, "BC": 0, "BR": 3, "YC": 0, "YR": 3}, "1958940944592": {"RC": 1, "RR": 3, "GC": 0, "GR": 3, "BC": 0, "BR": 3, "YC": 0, "YR": 2}}}, {"scores": {"1958940943696": 4, "1958940944592": 2}, "next_player": {"name": "skypiea_v2_1_2", "id": 1958940944592, "piece_type": "B"}, "players": [{"name": "skypiea_v2_3_1", "id": 1958940943696, "piece_type": "W"}, {"name": "skypiea_v2_1_2", "id": 1958940944592, "piece_type": "B"}], "rep": {"env": {"(4, 1)": {"piece_type": "GCW", "owner_id": 1958940943696}, "(5, 6)": {"piece_type": "YCB", "owner_id": 1958940944592}, "(6, 3)": {"piece_type": "GCW", "owner_id": 1958940943696}, "(4, 6)": {"piece_type": "YRB", "owner_id": 1958940944592}, "(4, 5)": {"piece_type": "YCW", "owner_id": 1958940943696}, "(3, 6)": {"piece_type": "YCB", "owner_id": 1958940944592}, "(4, 7)": {"piece_type": "YCW", "owner_id": 1958940943696}, "(5, 2)": {"piece_type": "GCB", "owner_id": 1958940944592}, "(2, 3)": {"piece_type": "BCW", "owner_id": 1958940943696}, "(3, 2)": {"piece_type": "BCB", "owner_id": 1958940944592}, "(1, 4)": {"piece_type": "BCW", "owner_id": 1958940943696}, "(5, 4)": {"piece_type": "GCB", "owner_id": 1958940944592}, "(3, 4)": {"piece_type": "RCW", "owner_id": 1958940943696}, "(2, 5)": {"piece_type": "BCB", "owner_id": 1958940944592}, "(6, 5)": {"piece_type": "RCW", "owner_id": 1958940943696}, "(4, 3)": {"piece_type": "RCB", "owner_id": 1958940944592}, "(1, 3)": {"piece_type": "BRW", "owner_id": 1958940943696}}, "dim": [9, 9]}, "max_step": 40, "step": 17, "players_pieces_left": {"1958940943696": {"RC": 0, "RR": 3, "GC": 0, "GR": 3, "BC": 0, "BR": 2, "YC": 0, "YR": 3}, "1958940944592": {"RC": 1, "RR": 3, "GC": 0, "GR": 3, "BC": 0, "BR": 3, "YC": 0, "YR": 2}}}, {"scores": {"1958940943696": 4, "1958940944592": 2}, "next_player": {"name": "skypiea_v2_3_1", "id": 1958940943696, "piece_type": "W"}, "players": [{"name": "skypiea_v2_3_1", "id": 1958940943696, "piece_type": "W"}, {"name": "skypiea_v2_1_2", "id": 1958940944592, "piece_type": "B"}], "rep": {"env": {"(4, 1)": {"piece_type": "GCW", "owner_id": 1958940943696}, "(5, 6)": {"piece_type": "YCB", "owner_id": 1958940944592}, "(6, 3)": {"piece_type": "GCW", "owner_id": 1958940943696}, "(4, 6)": {"piece_type": "YRB", "owner_id": 1958940944592}, "(4, 5)": {"piece_type": "YCW", "owner_id": 1958940943696}, "(3, 6)": {"piece_type": "YCB", "owner_id": 1958940944592}, "(4, 7)": {"piece_type": "YCW", "owner_id": 1958940943696}, "(5, 2)": {"piece_type": "GCB", "owner_id": 1958940944592}, "(2, 3)": {"piece_type": "BCW", "owner_id": 1958940943696}, "(3, 2)": {"piece_type": "BCB", "owner_id": 1958940944592}, "(1, 4)": {"piece_type": "BCW", "owner_id": 1958940943696}, "(5, 4)": {"piece_type": "GCB", "owner_id": 1958940944592}, "(3, 4)": {"piece_type": "RCW", "owner_id": 1958940943696}, "(2, 5)": {"piece_type": "BCB", "owner_id": 1958940944592}, "(6, 5)": {"piece_type": "RCW", "owner_id": 1958940943696}, "(4, 3)": {"piece_type": "RCB", "owner_id": 1958940944592}, "(1, 3)": {"piece_type": "BRW", "owner_id": 1958940943696}, "(7, 4)": {"piece_type": "RCB", "owner_id": 1958940944592}}, "dim": [9, 9]}, "max_step": 40, "step": 18, "players_pieces_left": {"1958940943696": {"RC": 0, "RR": 3, "GC": 0, "GR": 3, "BC": 0, "BR": 2, "YC": 0, "YR": 3}, "1958940944592": {"RC": 0, "RR": 3, "GC": 0, "GR": 3, "BC": 0, "BR": 3, "YC": 0, "YR": 2}}}, {"scores": {"1958940943696": 5, "1958940944592": 2}, "next_player": {"name": "skypiea_v2_1_2", "id": 1958940944592, "piece_type": "B"}, "players": [{"name": "skypiea_v2_3_1", "id": 1958940943696, "piece_type": "W"}, {"name": "skypiea_v2_1_2", "id": 1958940944592, "piece_type": "B"}], "rep": {"env": {"(4, 1)": {"piece_type": "GCW", "owner_id": 1958940943696}, "(5, 6)": {"piece_type": "YCB", "owner_id": 1958940944592}, "(6, 3)": {"piece_type": "GCW", "owner_id": 1958940943696}, "(4, 6)": {"piece_type": "YRB", "owner_id": 1958940944592}, "(4, 5)": {"piece_type": "YCW", "owner_id": 1958940943696}, "(3, 6)": {"piece_type": "YCB", "owner_id": 1958940944592}, "(4, 7)": {"piece_type": "YCW", "owner_id": 1958940943696}, "(5, 2)": {"piece_type": "GCB", "owner_id": 1958940944592}, "(2, 3)": {"piece_type": "BCW", "owner_id": 1958940943696}, "(3, 2)": {"piece_type": "BCB", "owner_id": 1958940944592}, "(1, 4)": {"piece_type": "BCW", "owner_id": 1958940943696}, "(5, 4)": {"piece_type": "GCB", "owner_id": 1958940944592}, "(3, 4)": {"piece_type": "RCW", "owner_id": 1958940943696}, "(2, 5)": {"piece_type": "BCB", "owner_id": 1958940944592}, "(6, 5)": {"piece_type": "RCW", "owner_id": 1958940943696}, "(4, 3)": {"piece_type": "RCB", "owner_id": 1958940944592}, "(1, 3)": {"piece_type": "BRW", "owner_id": 1958940943696}, "(7, 4)": {"piece_type": "RCB", "owner_id": 1958940944592}, "(5, 5)": {"piece_type": "RRW", "owner_id": 1958940943696}}, "dim": [9, 9]}, "max_step": 40, "step": 19, "players_pieces_left": {"1958940943696": {"RC": 0, "RR": 2, "GC": 0, "GR": 3, "BC": 0, "BR": 2, "YC": 0, "YR": 3}, "1958940944592": {"RC": 0, "RR": 3, "GC": 0, "GR": 3, "BC": 0, "BR": 3, "YC": 0, "YR": 2}}}, {"scores": {"1958940943696": 5, "1958940944592": 3}, "next_player": {"name": "skypiea_v2_3_1", "id": 1958940943696, "piece_type": "W"}, "players": [{"name": "skypiea_v2_3_1", "id": 1958940943696, "piece_type": "W"}, {"name": "skypiea_v2_1_2", "id": 1958940944592, "piece_type": "B"}], "rep": {"env": {"(4, 1)": {"piece_type": "GCW", "owner_id": 1958940943696}, "(5, 6)": {"piece_type": "YCB", "owner_id": 1958940944592}, "(6, 3)": {"piece_type": "GCW", "owner_id": 1958940943696}, "(4, 6)": {"piece_type": "YRB", "owner_id": 1958940944592}, "(4, 5)": {"piece_type": "YCW", "owner_id": 1958940943696}, "(3, 6)": {"piece_type": "YCB", "owner_id": 1958940944592}, "(4, 7)": {"piece_type": "YCW", "owner_id": 1958940943696}, "(5, 2)": {"piece_type": "GCB", "owner_id": 1958940944592}, "(2, 3)": {"piece_type": "BCW", "owner_id": 1958940943696}, "(3, 2)": {"piece_type": "BCB", "owner_id": 1958940944592}, "(1, 4)": {"piece_type": "BCW", "owner_id": 1958940943696}, "(5, 4)": {"piece_type": "GCB", "owner_id": 1958940944592}, "(3, 4)": {"piece_type": "RCW", "owner_id": 1958940943696}, "(2, 5)": {"piece_type": "BCB", "owner_id": 1958940944592}, "(6, 5)": {"piece_type": "RCW", "owner_id": 1958940943696}, "(4, 3)": {"piece_type": "RCB", "owner_id": 1958940944592}, "(1, 3)": {"piece_type": "BRW", "owner_id": 1958940943696}, "(7, 4)": {"piece_type": "RCB", "owner_id": 1958940944592}, "(5, 5)": {"piece_type": "RRW", "owner_id": 1958940943696}, "(6, 6)": {"piece_type": "YRB", "owner_id": 1958940944592}}, "dim": [9, 9]}, "max_step": 40, "step": 20, "players_pieces_left": {"1958940943696": {"RC": 0, "RR": 2, "GC": 0, "GR": 3, "BC": 0, "BR": 2, "YC": 0, "YR": 3}, "1958940944592": {"RC": 0, "RR": 3, "GC": 0, "GR": 3, "BC": 0, "BR": 3, "YC": 0, "YR": 1}}}, {"scores": {"1958940943696": 6, "1958940944592": 3}, "next_player": {"name": "skypiea_v2_1_2", "id": 1958940944592, "piece_type": "B"}, "players": [{"name": "skypiea_v2_3_1", "id": 1958940943696, "piece_type": "W"}, {"name": "skypiea_v2_1_2", "id": 1958940944592, "piece_type": "B"}], "rep": {"env": {"(4, 1)": {"piece_type": "GCW", "owner_id": 1958940943696}, "(5, 6)": {"piece_type": "YCB", "owner_id": 1958940944592}, "(6, 3)": {"piece_type": "GCW", "owner_id": 1958940943696}, "(4, 6)": {"piece_type": "YRB", "owner_id": 1958940944592}, "(4, 5)": {"piece_type": "YCW", "owner_id": 1958940943696}, "(3, 6)": {"piece_type": "YCB", "owner_id": 1958940944592}, "(4, 7)": {"piece_type": "YCW", "owner_id": 1958940943696}, "(5, 2)": {"piece_type": "GCB", "owner_id": 1958940944592}, "(2, 3)": {"piece_type": "BCW", "owner_id": 1958940943696}, "(3, 2)": {"piece_type": "BCB", "owner_id": 1958940944592}, "(1, 4)": {"piece_type": "BCW", "owner_id": 1958940943696}, "(5, 4)": {"piece_type": "GCB", "owner_id": 1958940944592}, "(3, 4)": {"piece_type": "RCW", "owner_id": 1958940943696}, "(2, 5)": {"piece_type": "BCB", "owner_id": 1958940944592}, "(6, 5)": {"piece_type": "RCW", "owner_id": 1958940943696}, "(4, 3)": {"piece_type": "RCB", "owner_id": 1958940944592}, "(1, 3)": {"piece_type": "BRW", "owner_id": 1958940943696}, "(7, 4)": {"piece_type": "RCB", "owner_id": 1958940944592}, "(5, 5)": {"piece_type": "RRW", "owner_id": 1958940943696}, "(6, 6)": {"piece_type": "YRB", "owner_id": 1958940944592}, "(0, 4)": {"piece_type": "BRW", "owner_id": 1958940943696}}, "dim": [9, 9]}, "max_step": 40, "step": 21, "players_pieces_left": {"1958940943696": {"RC": 0, "RR": 2, "GC": 0, "GR": 3, "BC": 0, "BR": 1, "YC": 0, "YR": 3}, "1958940944592": {"RC": 0, "RR": 3, "GC": 0, "GR": 3, "BC": 0, "BR": 3, "YC": 0, "YR": 1}}}, {"scores": {"1958940943696": 6, "1958940944592": 4}, "next_player": {"name": "skypiea_v2_3_1", "id": 1958940943696, "piece_type": "W"}, "players": [{"name": "skypiea_v2_3_1", "id": 1958940943696, "piece_type": "W"}, {"name": "skypiea_v2_1_2", "id": 1958940944592, "piece_type": "B"}], "rep": {"env": {"(4, 1)": {"piece_type": "GCW", "owner_id": 1958940943696}, "(5, 6)": {"piece_type": "YCB", "owner_id": 1958940944592}, "(6, 3)": {"piece_type": "GCW", "owner_id": 1958940943696}, "(4, 6)": {"piece_type": "YRB", "owner_id": 1958940944592}, "(4, 5)": {"piece_type": "YCW", "owner_id": 1958940943696}, "(3, 6)": {"piece_type": "YCB", "owner_id": 1958940944592}, "(4, 7)": {"piece_type": "YCW", "owner_id": 1958940943696}, "(5, 2)": {"piece_type": "GCB", "owner_id": 1958940944592}, "(2, 3)": {"piece_type": "BCW", "owner_id": 1958940943696}, "(3, 2)": {"piece_type": "BCB", "owner_id": 1958940944592}, "(1, 4)": {"piece_type": "BCW", "owner_id": 1958940943696}, "(5, 4)": {"piece_type": "GCB", "owner_id": 1958940944592}, "(3, 4)": {"piece_type": "RCW", "owner_id": 1958940943696}, "(2, 5)": {"piece_type": "BCB", "owner_id": 1958940944592}, "(6, 5)": {"piece_type": "RCW", "owner_id": 1958940943696}, "(4, 3)": {"piece_type": "RCB", "owner_id": 1958940944592}, "(1, 3)": {"piece_type": "BRW", "owner_id": 1958940943696}, "(7, 4)": {"piece_type": "RCB", "owner_id": 1958940944592}, "(5, 5)": {"piece_type": "RRW", "owner_id": 1958940943696}, "(6, 6)": {"piece_type": "YRB", "owner_id": 1958940944592}, "(0, 4)": {"piece_type": "BRW", "owner_id": 1958940943696}, "(4, 2)": {"piece_type": "RRB", "owner_id": 1958940944592}}, "dim": [9, 9]}, "max_step": 40, "step": 22, "players_pieces_left": {"1958940943696": {"RC": 0, "RR": 2, "GC": 0, "GR": 3, "BC": 0, "BR": 1, "YC": 0, "YR": 3}, "1958940944592": {"RC": 0, "RR": 2, "GC": 0, "GR": 3, "BC": 0, "BR": 3, "YC": 0, "YR": 1}}}, {"scores": {"1958940943696": 7, "1958940944592": 4}, "next_player": {"name": "skypiea_v2_1_2", "id": 1958940944592, "piece_type": "B"}, "players": [{"name": "skypiea_v2_3_1", "id": 1958940943696, "piece_type": "W"}, {"name": "skypiea_v2_1_2", "id": 1958940944592, "piece_type": "B"}], "rep": {"env": {"(4, 1)": {"piece_type": "GCW", "owner_id": 1958940943696}, "(5, 6)": {"piece_type": "YCB", "owner_id": 1958940944592}, "(6, 3)": {"piece_type": "GCW", "owner_id": 1958940943696}, "(4, 6)": {"piece_type": "YRB", "owner_id": 1958940944592}, "(4, 5)": {"piece_type": "YCW", "owner_id": 1958940943696}, "(3, 6)": {"piece_type": "YCB", "owner_id": 1958940944592}, "(4, 7)": {"piece_type": "YCW", "owner_id": 1958940943696}, "(5, 2)": {"piece_type": "GCB", "owner_id": 1958940944592}, "(2, 3)": {"piece_type": "BCW", "owner_id": 1958940943696}, "(3, 2)": {"piece_type": "BCB", "owner_id": 1958940944592}, "(1, 4)": {"piece_type": "BCW", "owner_id": 1958940943696}, "(5, 4)": {"piece_type": "GCB", "owner_id": 1958940944592}, "(3, 4)": {"piece_type": "RCW", "owner_id": 1958940943696}, "(2, 5)": {"piece_type": "BCB", "owner_id": 1958940944592}, "(6, 5)": {"piece_type": "RCW", "owner_id": 1958940943696}, "(4, 3)": {"piece_type": "RCB", "owner_id": 1958940944592}, "(1, 3)": {"piece_type": "BRW", "owner_id": 1958940943696}, "(7, 4)": {"piece_type": "RCB", "owner_id": 1958940944592}, "(5, 5)": {"piece_type": "RRW", "owner_id": 1958940943696}, "(6, 6)": {"piece_type": "YRB", "owner_id": 1958940944592}, "(0, 4)": {"piece_type": "BRW", "owner_id": 1958940943696}, "(4, 2)": {"piece_type": "RRB", "owner_id": 1958940944592}, "(2, 4)": {"piece_type": "RRW", "owner_id": 1958940943696}}, "dim": [9, 9]}, "max_step": 40, "step": 23, "players_pieces_left": {"1958940943696": {"RC": 0, "RR": 1, "GC": 0, "GR": 3, "BC": 0, "BR": 1, "YC": 0, "YR": 3}, "1958940944592": {"RC": 0, "RR": 2, "GC": 0, "GR": 3, "BC": 0, "BR": 3, "YC": 0, "YR": 1}}}, {"scores": {"1958940943696": 8, "1958940944592": 6}, "next_player": {"name": "skypiea_v2_3_1", "id": 1958940943696, "piece_type": "W"}, "players": [{"name": "skypiea_v2_3_1", "id": 1958940943696, "piece_type": "W"}, {"name": "skypiea_v2_1_2", "id": 1958940944592, "piece_type": "B"}], "rep": {"env": {"(4, 1)": {"piece_type": "GCW", "owner_id": 1958940943696}, "(5, 6)": {"piece_type": "YCB", "owner_id": 1958940944592}, "(6, 3)": {"piece_type": "GCW", "owner_id": 1958940943696}, "(4, 6)": {"piece_type": "YRB", "owner_id": 1958940944592}, "(4, 5)": {"piece_type": "YCW", "owner_id": 1958940943696}, "(3, 6)": {"piece_type": "YCB", "owner_id": 1958940944592}, "(4, 7)": {"piece_type": "YCW", "owner_id": 1958940943696}, "(5, 2)": {"piece_type": "GCB", "owner_id": 1958940944592}, "(2, 3)": {"piece_type": "BCW", "owner_id": 1958940943696}, "(3, 2)": {"piece_type": "BCB", "owner_id": 1958940944592}, "(1, 4)": {"piece_type": "BCW", "owner_id": 1958940943696}, "(5, 4)": {"piece_type": "GCB", "owner_id": 1958940944592}, "(3, 4)": {"piece_type": "RCW", "owner_id": 1958940943696}, "(2, 5)": {"piece_type": "BCB", "owner_id": 1958940944592}, "(6, 5)": {"piece_type": "RCW", "owner_id": 1958940943696}, "(4, 3)": {"piece_type": "RCB", "owner_id": 1958940944592}, "(1, 3)": {"piece_type": "BRW", "owner_id": 1958940943696}, "(7, 4)": {"piece_type": "RCB", "owner_id": 1958940944592}, "(5, 5)": {"piece_type": "RRW", "owner_id": 1958940943696}, "(6, 6)": {"piece_type": "YRB", "owner_id": 1958940944592}, "(0, 4)": {"piece_type": "BRW", "owner_id": 1958940943696}, "(4, 2)": {"piece_type": "RRB", "owner_id": 1958940944592}, "(2, 4)": {"piece_type": "RRW", "owner_id": 1958940943696}, "(5, 3)": {"piece_type": "GRB", "owner_id": 1958940944592}}, "dim": [9, 9]}, "max_step": 40, "step": 24, "players_pieces_left": {"1958940943696": {"RC": 0, "RR": 1, "GC": 0, "GR": 3, "BC": 0, "BR": 1, "YC": 0, "YR": 3}, "1958940944592": {"RC": 0, "RR": 2, "GC": 0, "GR": 2, "BC": 0, "BR": 3, "YC": 0, "YR": 1}}}, {"scores": {"1958940943696": 9, "1958940944592": 6}, "next_player": {"name": "skypiea_v2_1_2", "id": 1958940944592, "piece_type": "B"}, "players": [{"name": "skypiea_v2_3_1", "id": 1958940943696, "piece_type": "W"}, {"name": "skypiea_v2_1_2", "id": 1958940944592, "piece_type": "B"}], "rep": {"env": {"(4, 1)": {"piece_type": "GCW", "owner_id": 1958940943696}, "(5, 6)": {"piece_type": "YCB", "owner_id": 1958940944592}, "(6, 3)": {"piece_type": "GCW", "owner_id": 1958940943696}, "(4, 6)": {"piece_type": "YRB", "owner_id": 1958940944592}, "(4, 5)": {"piece_type": "YCW", "owner_id": 1958940943696}, "(3, 6)": {"piece_type": "YCB", "owner_id": 1958940944592}, "(4, 7)": {"piece_type": "YCW", "owner_id": 1958940943696}, "(5, 2)": {"piece_type": "GCB", "owner_id": 1958940944592}, "(2, 3)": {"piece_type": "BCW", "owner_id": 1958940943696}, "(3, 2)": {"piece_type": "BCB", "owner_id": 1958940944592}, "(1, 4)": {"piece_type": "BCW", "owner_id": 1958940943696}, "(5, 4)": {"piece_type": "GCB", "owner_id": 1958940944592}, "(3, 4)": {"piece_type": "RCW", "owner_id": 1958940943696}, "(2, 5)": {"piece_type": "BCB", "owner_id": 1958940944592}, "(6, 5)": {"piece_type": "RCW", "owner_id": 1958940943696}, "(4, 3)": {"piece_type": "RCB", "owner_id": 1958940944592}, "(1, 3)": {"piece_type": "BRW", "owner_id": 1958940943696}, "(7, 4)": {"piece_type": "RCB", "owner_id": 1958940944592}, "(5, 5)": {"piece_type": "RRW", "owner_id": 1958940943696}, "(6, 6)": {"piece_type": "YRB", "owner_id": 1958940944592}, "(0, 4)": {"piece_type": "BRW", "owner_id": 1958940943696}, "(4, 2)": {"piece_type": "RRB", "owner_id": 1958940944592}, "(2, 4)": {"piece_type": "RRW", "owner_id": 1958940943696}, "(5, 3)": {"piece_type": "GRB", "owner_id": 1958940944592}, "(3, 1)": {"piece_type": "GRW", "owner_id": 1958940943696}}, "dim": [9, 9]}, "max_step": 40, "step": 25, "players_pieces_left": {"1958940943696": {"RC": 0, "RR": 1, "GC": 0, "GR": 2, "BC": 0, "BR": 1, "YC": 0, "YR": 3}, "1958940944592": {"RC": 0, "RR": 2, "GC": 0, "GR": 2, "BC": 0, "BR": 3, "YC": 0, "YR": 1}}}, {"scores": {"1958940943696": 9, "1958940944592": 7}, "next_player": {"name": "skypiea_v2_3_1", "id": 1958940943696, "piece_type": "W"}, "players": [{"name": "skypiea_v2_3_1", "id": 1958940943696, "piece_type": "W"}, {"name": "skypiea_v2_1_2", "id": 1958940944592, "piece_type": "B"}], "rep": {"env": {"(4, 1)": {"piece_type": "GCW", "owner_id": 1958940943696}, "(5, 6)": {"piece_type": "YCB", "owner_id": 1958940944592}, "(6, 3)": {"piece_type": "GCW", "owner_id": 1958940943696}, "(4, 6)": {"piece_type": "YRB", "owner_id": 1958940944592}, "(4, 5)": {"piece_type": "YCW", "owner_id": 1958940943696}, "(3, 6)": {"piece_type": "YCB", "owner_id": 1958940944592}, "(4, 7)": {"piece_type": "YCW", "owner_id": 1958940943696}, "(5, 2)": {"piece_type": "GCB", "owner_id": 1958940944592}, "(2, 3)": {"piece_type": "BCW", "owner_id": 1958940943696}, "(3, 2)": {"piece_type": "BCB", "owner_id": 1958940944592}, "(1, 4)": {"piece_type": "BCW", "owner_id": 1958940943696}, "(5, 4)": {"piece_type": "GCB", "owner_id": 1958940944592}, "(3, 4)": {"piece_type": "RCW", "owner_id": 1958940943696}, "(2, 5)": {"piece_type": "BCB", "owner_id": 1958940944592}, "(6, 5)": {"piece_type": "RCW", "owner_id": 1958940943696}, "(4, 3)": {"piece_type": "RCB", "owner_id": 1958940944592}, "(1, 3)": {"piece_type": "BRW", "owner_id": 1958940943696}, "(7, 4)": {"piece_type": "RCB", "owner_id": 1958940944592}, "(5, 5)": {"piece_type": "RRW", "owner_id": 1958940943696}, "(6, 6)": {"piece_type": "YRB", "owner_id": 1958940944592}, "(0, 4)": {"piece_type": "BRW", "owner_id": 1958940943696}, "(4, 2)": {"piece_type": "RRB", "owner_id": 1958940944592}, "(2, 4)": {"piece_type": "RRW", "owner_id": 1958940943696}, "(5, 3)": {"piece_type": "GRB", "owner_id": 1958940944592}, "(3, 1)": {"piece_type": "GRW", "owner_id": 1958940943696}, "(2, 6)": {"piece_type": "BRB", "owner_id": 1958940944592}}, "dim": [9, 9]}, "max_step": 40, "step": 26, "players_pieces_left": {"1958940943696": {"RC": 0, "RR": 1, "GC": 0, "GR": 2, "BC": 0, "BR": 1, "YC": 0, "YR": 3}, "1958940944592": {"RC": 0, "RR": 2, "GC": 0, "GR": 2, "BC": 0, "BR": 2, "YC": 0, "YR": 1}}}, {"scores": {"1958940943696": 10, "1958940944592": 7}, "next_player": {"name": "skypiea_v2_1_2", "id": 1958940944592, "piece_type": "B"}, "players": [{"name": "skypiea_v2_3_1", "id": 1958940943696, "piece_type": "W"}, {"name": "skypiea_v2_1_2", "id": 1958940944592, "piece_type": "B"}], "rep": {"env": {"(4, 1)": {"piece_type": "GCW", "owner_id": 1958940943696}, "(5, 6)": {"piece_type": "YCB", "owner_id": 1958940944592}, "(6, 3)": {"piece_type": "GCW", "owner_id": 1958940943696}, "(4, 6)": {"piece_type": "YRB", "owner_id": 1958940944592}, "(4, 5)": {"piece_type": "YCW", "owner_id": 1958940943696}, "(3, 6)": {"piece_type": "YCB", "owner_id": 1958940944592}, "(4, 7)": {"piece_type": "YCW", "owner_id": 1958940943696}, "(5, 2)": {"piece_type": "GCB", "owner_id": 1958940944592}, "(2, 3)": {"piece_type": "BCW", "owner_id": 1958940943696}, "(3, 2)": {"piece_type": "BCB", "owner_id": 1958940944592}, "(1, 4)": {"piece_type": "BCW", "owner_id": 1958940943696}, "(5, 4)": {"piece_type": "GCB", "owner_id": 1958940944592}, "(3, 4)": {"piece_type": "RCW", "owner_id": 1958940943696}, "(2, 5)": {"piece_type": "BCB", "owner_id": 1958940944592}, "(6, 5)": {"piece_type": "RCW", "owner_id": 1958940943696}, "(4, 3)": {"piece_type": "RCB", "owner_id": 1958940944592}, "(1, 3)": {"piece_type": "BRW", "owner_id": 1958940943696}, "(7, 4)": {"piece_type": "RCB", "owner_id": 1958940944592}, "(5, 5)": {"piece_type": "RRW", "owner_id": 1958940943696}, "(6, 6)": {"piece_type": "YRB", "owner_id": 1958940944592}, "(0, 4)": {"piece_type": "BRW", "owner_id": 1958940943696}, "(4, 2)": {"piece_type": "RRB", "owner_id": 1958940944592}, "(2, 4)": {"piece_type": "RRW", "owner_id": 1958940943696}, "(5, 3)": {"piece_type": "GRB", "owner_id": 1958940944592}, "(3, 1)": {"piece_type": "GRW", "owner_id": 1958940943696}, "(2, 6)": {"piece_type": "BRB", "owner_id": 1958940944592}, "(4, 8)": {"piece_type": "YRW", "owner_id": 1958940943696}}, "dim": [9, 9]}, "max_step": 40, "step": 27, "players_pieces_left": {"1958940943696": {"RC": 0, "RR": 1, "GC": 0, "GR": 2, "BC": 0, "BR": 1, "YC": 0, "YR": 2}, "1958940944592": {"RC": 0, "RR": 2, "GC": 0, "GR": 2, "BC": 0, "BR": 2, "YC": 0, "YR": 1}}}, {"scores": {"1958940943696": 10, "1958940944592": 8}, "next_player": {"name": "skypiea_v2_3_1", "id": 1958940943696, "piece_type": "W"}, "players": [{"name": "skypiea_v2_3_1", "id": 1958940943696, "piece_type": "W"}, {"name": "skypiea_v2_1_2", "id": 1958940944592, "piece_type": "B"}], "rep": {"env": {"(4, 1)": {"piece_type": "GCW", "owner_id": 1958940943696}, "(5, 6)": {"piece_type": "YCB", "owner_id": 1958940944592}, "(6, 3)": {"piece_type": "GCW", "owner_id": 1958940943696}, "(4, 6)": {"piece_type": "YRB", "owner_id": 1958940944592}, "(4, 5)": {"piece_type": "YCW", "owner_id": 1958940943696}, "(3, 6)": {"piece_type": "YCB", "owner_id": 1958940944592}, "(4, 7)": {"piece_type": "YCW", "owner_id": 1958940943696}, "(5, 2)": {"piece_type": "GCB", "owner_id": 1958940944592}, "(2, 3)": {"piece_type": "BCW", "owner_id": 1958940943696}, "(3, 2)": {"piece_type": "BCB", "owner_id": 1958940944592}, "(1, 4)": {"piece_type": "BCW", "owner_id": 1958940943696}, "(5, 4)": {"piece_type": "GCB", "owner_id": 1958940944592}, "(3, 4)": {"piece_type": "RCW", "owner_id": 1958940943696}, "(2, 5)": {"piece_type": "BCB", "owner_id": 1958940944592}, "(6, 5)": {"piece_type": "RCW", "owner_id": 1958940943696}, "(4, 3)": {"piece_type": "RCB", "owner_id": 1958940944592}, "(1, 3)": {"piece_type": "BRW", "owner_id": 1958940943696}, "(7, 4)": {"piece_type": "RCB", "owner_id": 1958940944592}, "(5, 5)": {"piece_type": "RRW", "owner_id": 1958940943696}, "(6, 6)": {"piece_type": "YRB", "owner_id": 1958940944592}, "(0, 4)": {"piece_type": "BRW", "owner_id": 1958940943696}, "(4, 2)": {"piece_type": "RRB", "owner_id": 1958940944592}, "(2, 4)": {"piece_type": "RRW", "owner_id": 1958940943696}, "(5, 3)": {"piece_type": "GRB", "owner_id": 1958940944592}, "(3, 1)": {"piece_type": "GRW", "owner_id": 1958940943696}, "(2, 6)": {"piece_type": "BRB", "owner_id": 1958940944592}, "(4, 8)": {"piece_type": "YRW", "owner_id": 1958940943696}, "(7, 3)": {"piece_type": "RRB", "owner_id": 1958940944592}}, "dim": [9, 9]}, "max_step": 40, "step": 28, "players_pieces_left": {"1958940943696": {"RC": 0, "RR": 1, "GC": 0, "GR": 2, "BC": 0, "BR": 1, "YC": 0, "YR": 2}, "1958940944592": {"RC": 0, "RR": 1, "GC": 0, "GR": 2, "BC": 0, "BR": 2, "YC": 0, "YR": 1}}}, {"scores": {"1958940943696": 11, "1958940944592": 8}, "next_player": {"name": "skypiea_v2_1_2", "id": 1958940944592, "piece_type": "B"}, "players": [{"name": "skypiea_v2_3_1", "id": 1958940943696, "piece_type": "W"}, {"name": "skypiea_v2_1_2", "id": 1958940944592, "piece_type": "B"}], "rep": {"env": {"(4, 1)": {"piece_type": "GCW", "owner_id": 1958940943696}, "(5, 6)": {"piece_type": "YCB", "owner_id": 1958940944592}, "(6, 3)": {"piece_type": "GCW", "owner_id": 1958940943696}, "(4, 6)": {"piece_type": "YRB", "owner_id": 1958940944592}, "(4, 5)": {"piece_type": "YCW", "owner_id": 1958940943696}, "(3, 6)": {"piece_type": "YCB", "owner_id": 1958940944592}, "(4, 7)": {"piece_type": "YCW", "owner_id": 1958940943696}, "(5, 2)": {"piece_type": "GCB", "owner_id": 1958940944592}, "(2, 3)": {"piece_type": "BCW", "owner_id": 1958940943696}, "(3, 2)": {"piece_type": "BCB", "owner_id": 1958940944592}, "(1, 4)": {"piece_type": "BCW", "owner_id": 1958940943696}, "(5, 4)": {"piece_type": "GCB", "owner_id": 1958940944592}, "(3, 4)": {"piece_type": "RCW", "owner_id": 1958940943696}, "(2, 5)": {"piece_type": "BCB", "owner_id": 1958940944592}, "(6, 5)": {"piece_type": "RCW", "owner_id": 1958940943696}, "(4, 3)": {"piece_type": "RCB", "owner_id": 1958940944592}, "(1, 3)": {"piece_type": "BRW", "owner_id": 1958940943696}, "(7, 4)": {"piece_type": "RCB", "owner_id": 1958940944592}, "(5, 5)": {"piece_type": "RRW", "owner_id": 1958940943696}, "(6, 6)": {"piece_type": "YRB", "owner_id": 1958940944592}, "(0, 4)": {"piece_type": "BRW", "owner_id": 1958940943696}, "(4, 2)": {"piece_type": "RRB", "owner_id": 1958940944592}, "(2, 4)": {"piece_type": "RRW", "owner_id": 1958940943696}, "(5, 3)": {"piece_type": "GRB", "owner_id": 1958940944592}, "(3, 1)": {"piece_type": "GRW", "owner_id": 1958940943696}, "(2, 6)": {"piece_type": "BRB", "owner_id": 1958940944592}, "(4, 8)": {"piece_type": "YRW", "owner_id": 1958940943696}, "(7, 3)": {"piece_type": "RRB", "owner_id": 1958940944592}, "(4, 0)": {"piece_type": "GRW", "owner_id": 1958940943696}}, "dim": [9, 9]}, "max_step": 40, "step": 29, "players_pieces_left": {"1958940943696": {"RC": 0, "RR": 1, "GC": 0, "GR": 1, "BC": 0, "BR": 1, "YC": 0, "YR": 2}, "1958940944592": {"RC": 0, "RR": 1, "GC": 0, "GR": 2, "BC": 0, "BR": 2, "YC": 0, "YR": 1}}}, {"scores": {"1958940943696": 11, "1958940944592": 9}, "next_player": {"name": "skypiea_v2_3_1", "id": 1958940943696, "piece_type": "W"}, "players": [{"name": "skypiea_v2_3_1", "id": 1958940943696, "piece_type": "W"}, {"name": "skypiea_v2_1_2", "id": 1958940944592, "piece_type": "B"}], "rep": {"env": {"(4, 1)": {"piece_type": "GCW", "owner_id": 1958940943696}, "(5, 6)": {"piece_type": "YCB", "owner_id": 1958940944592}, "(6, 3)": {"piece_type": "GCW", "owner_id": 1958940943696}, "(4, 6)": {"piece_type": "YRB", "owner_id": 1958940944592}, "(4, 5)": {"piece_type": "YCW", "owner_id": 1958940943696}, "(3, 6)": {"piece_type": "YCB", "owner_id": 1958940944592}, "(4, 7)": {"piece_type": "YCW", "owner_id": 1958940943696}, "(5, 2)": {"piece_type": "GCB", "owner_id": 1958940944592}, "(2, 3)": {"piece_type": "BCW", "owner_id": 1958940943696}, "(3, 2)": {"piece_type": "BCB", "owner_id": 1958940944592}, "(1, 4)": {"piece_type": "BCW", "owner_id": 1958940943696}, "(5, 4)": {"piece_type": "GCB", "owner_id": 1958940944592}, "(3, 4)": {"piece_type": "RCW", "owner_id": 1958940943696}, "(2, 5)": {"piece_type": "BCB", "owner_id": 1958940944592}, "(6, 5)": {"piece_type": "RCW", "owner_id": 1958940943696}, "(4, 3)": {"piece_type": "RCB", "owner_id": 1958940944592}, "(1, 3)": {"piece_type": "BRW", "owner_id": 1958940943696}, "(7, 4)": {"piece_type": "RCB", "owner_id": 1958940944592}, "(5, 5)": {"piece_type": "RRW", "owner_id": 1958940943696}, "(6, 6)": {"piece_type": "YRB", "owner_id": 1958940944592}, "(0, 4)": {"piece_type": "BRW", "owner_id": 1958940943696}, "(4, 2)": {"piece_type": "RRB", "owner_id": 1958940944592}, "(2, 4)": {"piece_type": "RRW", "owner_id": 1958940943696}, "(5, 3)": {"piece_type": "GRB", "owner_id": 1958940944592}, "(3, 1)": {"piece_type": "GRW", "owner_id": 1958940943696}, "(2, 6)": {"piece_type": "BRB", "owner_id": 1958940944592}, "(4, 8)": {"piece_type": "YRW", "owner_id": 1958940943696}, "(7, 3)": {"piece_type": "RRB", "owner_id": 1958940944592}, "(4, 0)": {"piece_type": "GRW", "owner_id": 1958940943696}, "(8, 4)": {"piece_type": "RRB", "owner_id": 1958940944592}}, "dim": [9, 9]}, "max_step": 40, "step": 30, "players_pieces_left": {"1958940943696": {"RC": 0, "RR": 1, "GC": 0, "GR": 1, "BC": 0, "BR": 1, "YC": 0, "YR": 2}, "1958940944592": {"RC": 0, "RR": 0, "GC": 0, "GR": 2, "BC": 0, "BR": 2, "YC": 0, "YR": 1}}}, {"scores": {"1958940943696": 11, "1958940944592": 9}, "next_player": {"name": "skypiea_v2_1_2", "id": 1958940944592, "piece_type": "B"}, "players": [{"name": "skypiea_v2_3_1", "id": 1958940943696, "piece_type": "W"}, {"name": "skypiea_v2_1_2", "id": 1958940944592, "piece_type": "B"}], "rep": {"env": {"(4, 1)": {"piece_type": "GCW", "owner_id": 1958940943696}, "(5, 6)": {"piece_type": "YCB", "owner_id": 1958940944592}, "(6, 3)": {"piece_type": "GCW", "owner_id": 1958940943696}, "(4, 6)": {"piece_type": "YRB", "owner_id": 1958940944592}, "(4, 5)": {"piece_type": "YCW", "owner_id": 1958940943696}, "(3, 6)": {"piece_type": "YCB", "owner_id": 1958940944592}, "(4, 7)": {"piece_type": "YCW", "owner_id": 1958940943696}, "(5, 2)": {"piece_type": "GCB", "owner_id": 1958940944592}, "(2, 3)": {"piece_type": "BCW", "owner_id": 1958940943696}, "(3, 2)": {"piece_type": "BCB", "owner_id": 1958940944592}, "(1, 4)": {"piece_type": "BCW", "owner_id": 1958940943696}, "(5, 4)": {"piece_type": "GCB", "owner_id": 1958940944592}, "(3, 4)": {"piece_type": "RCW", "owner_id": 1958940943696}, "(2, 5)": {"piece_type": "BCB", "owner_id": 1958940944592}, "(6, 5)": {"piece_type": "RCW", "owner_id": 1958940943696}, "(4, 3)": {"piece_type": "RCB", "owner_id": 1958940944592}, "(1, 3)": {"piece_type": "BRW", "owner_id": 1958940943696}, "(7, 4)": {"piece_type": "RCB", "owner_id": 1958940944592}, "(5, 5)": {"piece_type": "RRW", "owner_id": 1958940943696}, "(6, 6)": {"piece_type": "YRB", "owner_id": 1958940944592}, "(0, 4)": {"piece_type": "BRW", "owner_id": 1958940943696}, "(4, 2)": {"piece_type": "RRB", "owner_id": 1958940944592}, "(2, 4)": {"piece_type": "RRW", "owner_id": 1958940943696}, "(5, 3)": {"piece_type": "GRB", "owner_id": 1958940944592}, "(3, 1)": {"piece_type": "GRW", "owner_id": 1958940943696}, "(2, 6)": {"piece_type": "BRB", "owner_id": 1958940944592}, "(4, 8)": {"piece_type": "YRW", "owner_id": 1958940943696}, "(7, 3)": {"piece_type": "RRB", "owner_id": 1958940944592}, "(4, 0)": {"piece_type": "GRW", "owner_id": 1958940943696}, "(8, 4)": {"piece_type": "RRB", "owner_id": 1958940944592}, "(3, 3)": {"piece_type": "GRW", "owner_id": 1958940943696}}, "dim": [9, 9]}, "max_step": 40, "step": 31, "players_pieces_left": {"1958940943696": {"RC": 0, "RR": 1, "GC": 0, "GR": 0, "BC": 0, "BR": 1, "YC": 0, "YR": 2}, "1958940944592": {"RC": 0, "RR": 0, "GC": 0, "GR": 2, "BC": 0, "BR": 2, "YC": 0, "YR": 1}}}, {"scores": {"1958940943696": 11, "1958940944592": 9}, "next_player": {"name": "skypiea_v2_3_1", "id": 1958940943696, "piece_type": "W"}, "players": [{"name": "skypiea_v2_3_1", "id": 1958940943696, "piece_type": "W"}, {"name": "skypiea_v2_1_2", "id": 1958940944592, "piece_type": "B"}], "rep": {"env": {"(4, 1)": {"piece_type": "GCW", "owner_id": 1958940943696}, "(5, 6)": {"piece_type": "YCB", "owner_id": 1958940944592}, "(6, 3)": {"piece_type": "GCW", "owner_id": 1958940943696}, "(4, 6)": {"piece_type": "YRB", "owner_id": 1958940944592}, "(4, 5)": {"piece_type": "YCW", "owner_id": 1958940943696}, "(3, 6)": {"piece_type": "YCB", "owner_id": 1958940944592}, "(4, 7)": {"piece_type": "YCW", "owner_id": 1958940943696}, "(5, 2)": {"piece_type": "GCB", "owner_id": 1958940944592}, "(2, 3)": {"piece_type": "BCW", "owner_id": 1958940943696}, "(3, 2)": {"piece_type": "BCB", "owner_id": 1958940944592}, "(1, 4)": {"piece_type": "BCW", "owner_id": 1958940943696}, "(5, 4)": {"piece_type": "GCB", "owner_id": 1958940944592}, "(3, 4)": {"piece_type": "RCW", "owner_id": 1958940943696}, "(2, 5)": {"piece_type": "BCB", "owner_id": 1958940944592}, "(6, 5)": {"piece_type": "RCW", "owner_id": 1958940943696}, "(4, 3)": {"piece_type": "RCB", "owner_id": 1958940944592}, "(1, 3)": {"piece_type": "BRW", "owner_id": 1958940943696}, "(7, 4)": {"piece_type": "RCB", "owner_id": 1958940944592}, "(5, 5)": {"piece_type": "RRW", "owner_id": 1958940943696}, "(6, 6)": {"piece_type": "YRB", "owner_id": 1958940944592}, "(0, 4)": {"piece_type": "BRW", "owner_id": 1958940943696}, "(4, 2)": {"piece_type": "RRB", "owner_id": 1958940944592}, "(2, 4)": {"piece_type": "RRW", "owner_id": 1958940943696}, "(5, 3)": {"piece_type": "GRB", "owner_id": 1958940944592}, "(3, 1)": {"piece_type": "GRW", "owner_id": 1958940943696}, "(2, 6)": {"piece_type": "BRB", "owner_id": 1958940944592}, "(4, 8)": {"piece_type": "YRW", "owner_id": 1958940943696}, "(7, 3)": {"piece_type": "RRB", "owner_id": 1958940944592}, "(4, 0)": {"piece_type": "GRW", "owner_id": 1958940943696}, "(8, 4)": {"piece_type": "RRB", "owner_id": 1958940944592}, "(3, 3)": {"piece_type": "GRW", "owner_id": 1958940943696}, "(2, 2)": {"piece_type": "GRB", "owner_id": 1958940944592}}, "dim": [9, 9]}, "max_step": 40, "step": 32, "players_pieces_left": {"1958940943696": {"RC": 0, "RR": 1, "GC": 0, "GR": 0, "BC": 0, "BR": 1, "YC": 0, "YR": 2}, "1958940944592": {"RC": 0, "RR": 0, "GC": 0, "GR": 1, "BC": 0, "BR": 2, "YC": 0, "YR": 1}}}, {"scores": {"1958940943696": 12, "1958940944592": 9}, "next_player": {"name": "skypiea_v2_1_2", "id": 1958940944592, "piece_type": "B"}, "players": [{"name": "skypiea_v2_3_1", "id": 1958940943696, "piece_type": "W"}, {"name": "skypiea_v2_1_2", "id": 1958940944592, "piece_type": "B"}], "rep": {"env": {"(4, 1)": {"piece_type": "GCW", "owner_id": 1958940943696}, "(5, 6)": {"piece_type": "YCB", "owner_id": 1958940944592}, "(6, 3)": {"piece_type": "GCW", "owner_id": 1958940943696}, "(4, 6)": {"piece_type": "YRB", "owner_id": 1958940944592}, "(4, 5)": {"piece_type": "YCW", "owner_id": 1958940943696}, "(3, 6)": {"piece_type": "YCB", "owner_id": 1958940944592}, "(4, 7)": {"piece_type": "YCW", "owner_id": 1958940943696}, "(5, 2)": {"piece_type": "GCB", "owner_id": 1958940944592}, "(2, 3)": {"piece_type": "BCW", "owner_id": 1958940943696}, "(3, 2)": {"piece_type": "BCB", "owner_id": 1958940944592}, "(1, 4)": {"piece_type": "BCW", "owner_id": 1958940943696}, "(5, 4)": {"piece_type": "GCB", "owner_id": 1958940944592}, "(3, 4)": {"piece_type": "RCW", "owner_id": 1958940943696}, "(2, 5)": {"piece_type": "BCB", "owner_id": 1958940944592}, "(6, 5)": {"piece_type": "RCW", "owner_id": 1958940943696}, "(4, 3)": {"piece_type": "RCB", "owner_id": 1958940944592}, "(1, 3)": {"piece_type": "BRW", "owner_id": 1958940943696}, "(7, 4)": {"piece_type": "RCB", "owner_id": 1958940944592}, "(5, 5)": {"piece_type": "RRW", "owner_id": 1958940943696}, "(6, 6)": {"piece_type": "YRB", "owner_id": 1958940944592}, "(0, 4)": {"piece_type": "BRW", "owner_id": 1958940943696}, "(4, 2)": {"piece_type": "RRB", "owner_id": 1958940944592}, "(2, 4)": {"piece_type": "RRW", "owner_id": 1958940943696}, "(5, 3)": {"piece_type": "GRB", "owner_id": 1958940944592}, "(3, 1)": {"piece_type": "GRW", "owner_id": 1958940943696}, "(2, 6)": {"piece_type": "BRB", "owner_id": 1958940944592}, "(4, 8)": {"piece_type": "YRW", "owner_id": 1958940943696}, "(7, 3)": {"piece_type": "RRB", "owner_id": 1958940944592}, "(4, 0)": {"piece_type": "GRW", "owner_id": 1958940943696}, "(8, 4)": {"piece_type": "RRB", "owner_id": 1958940944592}, "(3, 3)": {"piece_type": "GRW", "owner_id": 1958940943696}, "(2, 2)": {"piece_type": "GRB", "owner_id": 1958940944592}, "(4, 4)": {"piece_type": "YRW", "owner_id": 1958940943696}}, "dim": [9, 9]}, "max_step": 40, "step": 33, "players_pieces_left": {"1958940943696": {"RC": 0, "RR": 1, "GC": 0, "GR": 0, "BC": 0, "BR": 1, "YC": 0, "YR": 1}, "1958940944592": {"RC": 0, "RR": 0, "GC": 0, "GR": 1, "BC": 0, "BR": 2, "YC": 0, "YR": 1}}}, {"scores": {"1958940943696": 12, "1958940944592": 13}, "next_player": {"name": "skypiea_v2_3_1", "id": 1958940943696, "piece_type": "W"}, "players": [{"name": "skypiea_v2_3_1", "id": 1958940943696, "piece_type": "W"}, {"name": "skypiea_v2_1_2", "id": 1958940944592, "piece_type": "B"}], "rep": {"env": {"(4, 1)": {"piece_type": "GCW", "owner_id": 1958940943696}, "(5, 6)": {"piece_type": "YCB", "owner_id": 1958940944592}, "(6, 3)": {"piece_type": "GCW", "owner_id": 1958940943696}, "(4, 6)": {"piece_type": "YRB", "owner_id": 1958940944592}, "(4, 5)": {"piece_type": "YCW", "owner_id": 1958940943696}, "(3, 6)": {"piece_type": "YCB", "owner_id": 1958940944592}, "(4, 7)": {"piece_type": "YCW", "owner_id": 1958940943696}, "(5, 2)": {"piece_type": "GCB", "owner_id": 1958940944592}, "(2, 3)": {"piece_type": "BCW", "owner_id": 1958940943696}, "(3, 2)": {"piece_type": "BCB", "owner_id": 1958940944592}, "(1, 4)": {"piece_type": "BCW", "owner_id": 1958940943696}, "(5, 4)": {"piece_type": "GCB", "owner_id": 1958940944592}, "(3, 4)": {"piece_type": "RCW", "owner_id": 1958940943696}, "(2, 5)": {"piece_type": "BCB", "owner_id": 1958940944592}, "(6, 5)": {"piece_type": "RCW", "owner_id": 1958940943696}, "(4, 3)": {"piece_type": "RCB", "owner_id": 1958940944592}, "(1, 3)": {"piece_type": "BRW", "owner_id": 1958940943696}, "(7, 4)": {"piece_type": "RCB", "owner_id": 1958940944592}, "(5, 5)": {"piece_type": "RRW", "owner_id": 1958940943696}, "(6, 6)": {"piece_type": "YRB", "owner_id": 1958940944592}, "(0, 4)": {"piece_type": "BRW", "owner_id": 1958940943696}, "(4, 2)": {"piece_type": "RRB", "owner_id": 1958940944592}, "(2, 4)": {"piece_type": "RRW", "owner_id": 1958940943696}, "(5, 3)": {"piece_type": "GRB", "owner_id": 1958940944592}, "(3, 1)": {"piece_type": "GRW", "owner_id": 1958940943696}, "(2, 6)": {"piece_type": "BRB", "owner_id": 1958940944592}, "(4, 8)": {"piece_type": "YRW", "owner_id": 1958940943696}, "(7, 3)": {"piece_type": "RRB", "owner_id": 1958940944592}, "(4, 0)": {"piece_type": "GRW", "owner_id": 1958940943696}, "(8, 4)": {"piece_type": "RRB", "owner_id": 1958940944592}, "(3, 3)": {"piece_type": "GRW", "owner_id": 1958940943696}, "(2, 2)": {"piece_type": "GRB", "owner_id": 1958940944592}, "(4, 4)": {"piece_type": "YRW", "owner_id": 1958940943696}, "(6, 4)": {"piece_type": "BRB", "owner_id": 1958940944592}}, "dim": [9, 9]}, "max_step": 40, "step": 34, "players_pieces_left": {"1958940943696": {"RC": 0, "RR": 1, "GC": 0, "GR": 0, "BC": 0, "BR": 1, "YC": 0, "YR": 1}, "1958940944592": {"RC": 0, "RR": 0, "GC": 0, "GR": 1, "BC": 0, "BR": 1, "YC": 0, "YR": 1}}}, {"scores": {"1958940943696": 16, "1958940944592": 14}, "next_player": {"name": "skypiea_v2_1_2", "id": 1958940944592, "piece_type": "B"}, "players": [{"name": "skypiea_v2_3_1", "id": 1958940943696, "piece_type": "W"}, {"name": "skypiea_v2_1_2", "id": 1958940944592, "piece_type": "B"}], "rep": {"env": {"(4, 1)": {"piece_type": "GCW", "owner_id": 1958940943696}, "(5, 6)": {"piece_type": "YCB", "owner_id": 1958940944592}, "(6, 3)": {"piece_type": "GCW", "owner_id": 1958940943696}, "(4, 6)": {"piece_type": "YRB", "owner_id": 1958940944592}, "(4, 5)": {"piece_type": "YCW", "owner_id": 1958940943696}, "(3, 6)": {"piece_type": "YCB", "owner_id": 1958940944592}, "(4, 7)": {"piece_type": "YCW", "owner_id": 1958940943696}, "(5, 2)": {"piece_type": "GCB", "owner_id": 1958940944592}, "(2, 3)": {"piece_type": "BCW", "owner_id": 1958940943696}, "(3, 2)": {"piece_type": "BCB", "owner_id": 1958940944592}, "(1, 4)": {"piece_type": "BCW", "owner_id": 1958940943696}, "(5, 4)": {"piece_type": "GCB", "owner_id": 1958940944592}, "(3, 4)": {"piece_type": "RCW", "owner_id": 1958940943696}, "(2, 5)": {"piece_type": "BCB", "owner_id": 1958940944592}, "(6, 5)": {"piece_type": "RCW", "owner_id": 1958940943696}, "(4, 3)": {"piece_type": "RCB", "owner_id": 1958940944592}, "(1, 3)": {"piece_type": "BRW", "owner_id": 1958940943696}, "(7, 4)": {"piece_type": "RCB", "owner_id": 1958940944592}, "(5, 5)": {"piece_type": "RRW", "owner_id": 1958940943696}, "(6, 6)": {"piece_type": "YRB", "owner_id": 1958940944592}, "(0, 4)": {"piece_type": "BRW", "owner_id": 1958940943696}, "(4, 2)": {"piece_type": "RRB", "owner_id": 1958940944592}, "(2, 4)": {"piece_type": "RRW", "owner_id": 1958940943696}, "(5, 3)": {"piece_type": "GRB", "owner_id": 1958940944592}, "(3, 1)": {"piece_type": "GRW", "owner_id": 1958940943696}, "(2, 6)": {"piece_type": "BRB", "owner_id": 1958940944592}, "(4, 8)": {"piece_type": "YRW", "owner_id": 1958940943696}, "(7, 3)": {"piece_type": "RRB", "owner_id": 1958940944592}, "(4, 0)": {"piece_type": "GRW", "owner_id": 1958940943696}, "(8, 4)": {"piece_type": "RRB", "owner_id": 1958940944592}, "(3, 3)": {"piece_type": "GRW", "owner_id": 1958940943696}, "(2, 2)": {"piece_type": "GRB", "owner_id": 1958940944592}, "(4, 4)": {"piece_type": "YRW", "owner_id": 1958940943696}, "(6, 4)": {"piece_type": "BRB", "owner_id": 1958940944592}, "(3, 5)": {"piece_type": "BRW", "owner_id": 1958940943696}}, "dim": [9, 9]}, "max_step": 40, "step": 35, "players_pieces_left": {"1958940943696": {"RC": 0, "RR": 1, "GC": 0, "GR": 0, "BC": 0, "BR": 0, "YC": 0, "YR": 1}, "1958940944592": {"RC": 0, "RR": 0, "GC": 0, "GR": 1, "BC": 0, "BR": 1, "YC": 0, "YR": 1}}}, {"scores": {"1958940943696": 16, "1958940944592": 14}, "next_player": {"name": "skypiea_v2_3_1", "id": 1958940943696, "piece_type": "W"}, "players": [{"name": "skypiea_v2_3_1", "id": 1958940943696, "piece_type": "W"}, {"name": "skypiea_v2_1_2", "id": 1958940944592, "piece_type": "B"}], "rep": {"env": {"(4, 1)": {"piece_type": "GCW", "owner_id": 1958940943696}, "(5, 6)": {"piece_type": "YCB", "owner_id": 1958940944592}, "(6, 3)": {"piece_type": "GCW", "owner_id": 1958940943696}, "(4, 6)": {"piece_type": "YRB", "owner_id": 1958940944592}, "(4, 5)": {"piece_type": "YCW", "owner_id": 1958940943696}, "(3, 6)": {"piece_type": "YCB", "owner_id": 1958940944592}, "(4, 7)": {"piece_type": "YCW", "owner_id": 1958940943696}, "(5, 2)": {"piece_type": "GCB", "owner_id": 1958940944592}, "(2, 3)": {"piece_type": "BCW", "owner_id": 1958940943696}, "(3, 2)": {"piece_type": "BCB", "owner_id": 1958940944592}, "(1, 4)": {"piece_type": "BCW", "owner_id": 1958940943696}, "(5, 4)": {"piece_type": "GCB", "owner_id": 1958940944592}, "(3, 4)": {"piece_type": "RCW", "owner_id": 1958940943696}, "(2, 5)": {"piece_type": "BCB", "owner_id": 1958940944592}, "(6, 5)": {"piece_type": "RCW", "owner_id": 1958940943696}, "(4, 3)": {"piece_type": "RCB", "owner_id": 1958940944592}, "(1, 3)": {"piece_type": "BRW", "owner_id": 1958940943696}, "(7, 4)": {"piece_type": "RCB", "owner_id": 1958940944592}, "(5, 5)": {"piece_type": "RRW", "owner_id": 1958940943696}, "(6, 6)": {"piece_type": "YRB", "owner_id": 1958940944592}, "(0, 4)": {"piece_type": "BRW", "owner_id": 1958940943696}, "(4, 2)": {"piece_type": "RRB", "owner_id": 1958940944592}, "(2, 4)": {"piece_type": "RRW", "owner_id": 1958940943696}, "(5, 3)": {"piece_type": "GRB", "owner_id": 1958940944592}, "(3, 1)": {"piece_type": "GRW", "owner_id": 1958940943696}, "(2, 6)": {"piece_type": "BRB", "owner_id": 1958940944592}, "(4, 8)": {"piece_type": "YRW", "owner_id": 1958940943696}, "(7, 3)": {"piece_type": "RRB", "owner_id": 1958940944592}, "(4, 0)": {"piece_type": "GRW", "owner_id": 1958940943696}, "(8, 4)": {"piece_type": "RRB", "owner_id": 1958940944592}, "(3, 3)": {"piece_type": "GRW", "owner_id": 1958940943696}, "(2, 2)": {"piece_type": "GRB", "owner_id": 1958940944592}, "(4, 4)": {"piece_type": "YRW", "owner_id": 1958940943696}, "(6, 4)": {"piece_type": "BRB", "owner_id": 1958940944592}, "(3, 5)": {"piece_type": "BRW", "owner_id": 1958940943696}, "(5, 7)": {"piece_type": "GRB", "owner_id": 1958940944592}}, "dim": [9, 9]}, "max_step": 40, "step": 36, "players_pieces_left": {"1958940943696": {"RC": 0, "RR": 1, "GC": 0, "GR": 0, "BC": 0, "BR": 0, "YC": 0, "YR": 1}, "1958940944592": {"RC": 0, "RR": 0, "GC": 0, "GR": 0, "BC": 0, "BR": 1, "YC": 0, "YR": 1}}}, {"scores": {"1958940943696": 20, "1958940944592": 14}, "next_player": {"name": "skypiea_v2_1_2", "id": 1958940944592, "piece_type": "B"}, "players": [{"name": "skypiea_v2_3_1", "id": 1958940943696, "piece_type": "W"}, {"name": "skypiea_v2_1_2", "id": 1958940944592, "piece_type": "B"}], "rep": {"env": {"(4, 1)": {"piece_type": "GCW", "owner_id": 1958940943696}, "(5, 6)": {"piece_type": "YCB", "owner_id": 1958940944592}, "(6, 3)": {"piece_type": "GCW", "owner_id": 1958940943696}, "(4, 6)": {"piece_type": "YRB", "owner_id": 1958940944592}, "(4, 5)": {"piece_type": "YCW", "owner_id": 1958940943696}, "(3, 6)": {"piece_type": "YCB", "owner_id": 1958940944592}, "(4, 7)": {"piece_type": "YCW", "owner_id": 1958940943696}, "(5, 2)": {"piece_type": "GCB", "owner_id": 1958940944592}, "(2, 3)": {"piece_type": "BCW", "owner_id": 1958940943696}, "(3, 2)": {"piece_type": "BCB", "owner_id": 1958940944592}, "(1, 4)": {"piece_type": "BCW", "owner_id": 1958940943696}, "(5, 4)": {"piece_type": "GCB", "owner_id": 1958940944592}, "(3, 4)": {"piece_type": "RCW", "owner_id": 1958940943696}, "(2, 5)": {"piece_type": "BCB", "owner_id": 1958940944592}, "(6, 5)": {"piece_type": "RCW", "owner_id": 1958940943696}, "(4, 3)": {"piece_type": "RCB", "owner_id": 1958940944592}, "(1, 3)": {"piece_type": "BRW", "owner_id": 1958940943696}, "(7, 4)": {"piece_type": "RCB", "owner_id": 1958940944592}, "(5, 5)": {"piece_type": "RRW", "owner_id": 1958940943696}, "(6, 6)": {"piece_type": "YRB", "owner_id": 1958940944592}, "(0, 4)": {"piece_type": "BRW", "owner_id": 1958940943696}, "(4, 2)": {"piece_type": "RRB", "owner_id": 1958940944592}, "(2, 4)": {"piece_type": "RRW", "owner_id": 1958940943696}, "(5, 3)": {"piece_type": "GRB", "owner_id": 1958940944592}, "(3, 1)": {"piece_type": "GRW", "owner_id": 1958940943696}, "(2, 6)": {"piece_type": "BRB", "owner_id": 1958940944592}, "(4, 8)": {"piece_type": "YRW", "owner_id": 1958940943696}, "(7, 3)": {"piece_type": "RRB", "owner_id": 1958940944592}, "(4, 0)": {"piece_type": "GRW", "owner_id": 1958940943696}, "(8, 4)": {"piece_type": "RRB", "owner_id": 1958940944592}, "(3, 3)": {"piece_type": "GRW", "owner_id": 1958940943696}, "(2, 2)": {"piece_type": "GRB", "owner_id": 1958940944592}, "(4, 4)": {"piece_type": "YRW", "owner_id": 1958940943696}, "(6, 4)": {"piece_type": "BRB", "owner_id": 1958940944592}, "(3, 5)": {"piece_type": "BRW", "owner_id": 1958940943696}, "(5, 7)": {"piece_type": "GRB", "owner_id": 1958940944592}, "(6, 2)": {"piece_type": "YRW", "owner_id": 1958940943696}}, "dim": [9, 9]}, "max_step": 40, "step": 37, "players_pieces_left": {"1958940943696": {"RC": 0, "RR": 1, "GC": 0, "GR": 0, "BC": 0, "BR": 0, "YC": 0, "YR": 0}, "1958940944592": {"RC": 0, "RR": 0, "GC": 0, "GR": 0, "BC": 0, "BR": 1, "YC": 0, "YR": 1}}}, {"scores": {"1958940943696": 20, "1958940944592": 18}, "next_player": {"name": "skypiea_v2_3_1", "id": 1958940943696, "piece_type": "W"}, "players": [{"name": "skypiea_v2_3_1", "id": 1958940943696, "piece_type": "W"}, {"name": "skypiea_v2_1_2", "id": 1958940944592, "piece_type": "B"}], "rep": {"env": {"(4, 1)": {"piece_type": "GCW", "owner_id": 1958940943696}, "(5, 6)": {"piece_type": "YCB", "owner_id": 1958940944592}, "(6, 3)": {"piece_type": "GCW", "owner_id": 1958940943696}, "(4, 6)": {"piece_type": "YRB", "owner_id": 1958940944592}, "(4, 5)": {"piece_type": "YCW", "owner_id": 1958940943696}, "(3, 6)": {"piece_type": "YCB", "owner_id": 1958940944592}, "(4, 7)": {"piece_type": "YCW", "owner_id": 1958940943696}, "(5, 2)": {"piece_type": "GCB", "owner_id": 1958940944592}, "(2, 3)": {"piece_type": "BCW", "owner_id": 1958940943696}, "(3, 2)": {"piece_type": "BCB", "owner_id": 1958940944592}, "(1, 4)": {"piece_type": "BCW", "owner_id": 1958940943696}, "(5, 4)": {"piece_type": "GCB", "owner_id": 1958940944592}, "(3, 4)": {"piece_type": "RCW", "owner_id": 1958940943696}, "(2, 5)": {"piece_type": "BCB", "owner_id": 1958940944592}, "(6, 5)": {"piece_type": "RCW", "owner_id": 1958940943696}, "(4, 3)": {"piece_type": "RCB", "owner_id": 1958940944592}, "(1, 3)": {"piece_type": "BRW", "owner_id": 1958940943696}, "(7, 4)": {"piece_type": "RCB", "owner_id": 1958940944592}, "(5, 5)": {"piece_type": "RRW", "owner_id": 1958940943696}, "(6, 6)": {"piece_type": "YRB", "owner_id": 1958940944592}, "(0, 4)": {"piece_type": "BRW", "owner_id": 1958940943696}, "(4, 2)": {"piece_type": "RRB", "owner_id": 1958940944592}, "(2, 4)": {"piece_type": "RRW", "owner_id": 1958940943696}, "(5, 3)": {"piece_type": "GRB", "owner_id": 1958940944592}, "(3, 1)": {"piece_type": "GRW", "owner_id": 1958940943696}, "(2, 6)": {"piece_type": "BRB", "owner_id": 1958940944592}, "(4, 8)": {"piece_type": "YRW", "owner_id": 1958940943696}, "(7, 3)": {"piece_type": "RRB", "owner_id": 1958940944592}, "(4, 0)": {"piece_type": "GRW", "owner_id": 1958940943696}, "(8, 4)": {"piece_type": "RRB", "owner_id": 1958940944592}, "(3, 3)": {"piece_type": "GRW", "owner_id": 1958940943696}, "(2, 2)": {"piece_type": "GRB", "owner_id": 1958940944592}, "(4, 4)": {"piece_type": "YRW", "owner_id": 1958940943696}, "(6, 4)": {"piece_type": "BRB", "owner_id": 1958940944592}, "(3, 5)": {"piece_type": "BRW", "owner_id": 1958940943696}, "(5, 7)": {"piece_type": "GRB", "owner_id": 1958940944592}, "(6, 2)": {"piece_type": "YRW", "owner_id": 1958940943696}, "(5, 1)": {"piece_type": "BRB", "owner_id": 1958940944592}}, "dim": [9, 9]}, "max_step": 40, "step": 38, "players_pieces_left": {"1958940943696": {"RC": 0, "RR": 1, "GC": 0, "GR": 0, "BC": 0, "BR": 0, "YC": 0, "YR": 0}, "1958940944592": {"RC": 0, "RR": 0, "GC": 0, "GR": 0, "BC": 0, "BR": 0, "YC": 0, "YR": 1}}}, {"scores": {"1958940943696": 20, "1958940944592": 18}, "next_player": {"name": "skypiea_v2_1_2", "id": 1958940944592, "piece_type": "B"}, "players": [{"name": "skypiea_v2_3_1", "id": 1958940943696, "piece_type": "W"}, {"name": "skypiea_v2_1_2", "id": 1958940944592, "piece_type": "B"}], "rep": {"env": {"(4, 1)": {"piece_type": "GCW", "owner_id": 1958940943696}, "(5, 6)": {"piece_type": "YCB", "owner_id": 1958940944592}, "(6, 3)": {"piece_type": "GCW", "owner_id": 1958940943696}, "(4, 6)": {"piece_type": "YRB", "owner_id": 1958940944592}, "(4, 5)": {"piece_type": "YCW", "owner_id": 1958940943696}, "(3, 6)": {"piece_type": "YCB", "owner_id": 1958940944592}, "(4, 7)": {"piece_type": "YCW", "owner_id": 1958940943696}, "(5, 2)": {"piece_type": "GCB", "owner_id": 1958940944592}, "(2, 3)": {"piece_type": "BCW", "owner_id": 1958940943696}, "(3, 2)": {"piece_type": "BCB", "owner_id": 1958940944592}, "(1, 4)": {"piece_type": "BCW", "owner_id": 1958940943696}, "(5, 4)": {"piece_type": "GCB", "owner_id": 1958940944592}, "(3, 4)": {"piece_type": "RCW", "owner_id": 1958940943696}, "(2, 5)": {"piece_type": "BCB", "owner_id": 1958940944592}, "(6, 5)": {"piece_type": "RCW", "owner_id": 1958940943696}, "(4, 3)": {"piece_type": "RCB", "owner_id": 1958940944592}, "(1, 3)": {"piece_type": "BRW", "owner_id": 1958940943696}, "(7, 4)": {"piece_type": "RCB", "owner_id": 1958940944592}, "(5, 5)": {"piece_type": "RRW", "owner_id": 1958940943696}, "(6, 6)": {"piece_type": "YRB", "owner_id": 1958940944592}, "(0, 4)": {"piece_type": "BRW", "owner_id": 1958940943696}, "(4, 2)": {"piece_type": "RRB", "owner_id": 1958940944592}, "(2, 4)": {"piece_type": "RRW", "owner_id": 1958940943696}, "(5, 3)": {"piece_type": "GRB", "owner_id": 1958940944592}, "(3, 1)": {"piece_type": "GRW", "owner_id": 1958940943696}, "(2, 6)": {"piece_type": "BRB", "owner_id": 1958940944592}, "(4, 8)": {"piece_type": "YRW", "owner_id": 1958940943696}, "(7, 3)": {"piece_type": "RRB", "owner_id": 1958940944592}, "(4, 0)": {"piece_type": "GRW", "owner_id": 1958940943696}, "(8, 4)": {"piece_type": "RRB", "owner_id": 1958940944592}, "(3, 3)": {"piece_type": "GRW", "owner_id": 1958940943696}, "(2, 2)": {"piece_type": "GRB", "owner_id": 1958940944592}, "(4, 4)": {"piece_type": "YRW", "owner_id": 1958940943696}, "(6, 4)": {"piece_type": "BRB", "owner_id": 1958940944592}, "(3, 5)": {"piece_type": "BRW", "owner_id": 1958940943696}, "(5, 7)": {"piece_type": "GRB", "owner_id": 1958940944592}, "(6, 2)": {"piece_type": "YRW", "owner_id": 1958940943696}, "(5, 1)": {"piece_type": "BRB", "owner_id": 1958940944592}, "(3, 7)": {"piece_type": "RRW", "owner_id": 1958940943696}}, "dim": [9, 9]}, "max_step": 40, "step": 39, "players_pieces_left": {"1958940943696": {"RC": 0, "RR": 0, "GC": 0, "GR": 0, "BC": 0, "BR": 0, "YC": 0, "YR": 0}, "1958940944592": {"RC": 0, "RR": 0, "GC": 0, "GR": 0, "BC": 0, "BR": 0, "YC": 0, "YR": 1}}}, {"scores": {"1958940943696": 20, "1958940944592": 18}, "next_player": {"name": "skypiea_v2_3_1", "id": 1958940943696, "piece_type": "W"}, "players": [{"name": "skypiea_v2_3_1", "id": 1958940943696, "piece_type": "W"}, {"name": "skypiea_v2_1_2", "id": 1958940944592, "piece_type": "B"}], "rep": {"env": {"(4, 1)": {"piece_type": "GCW", "owner_id": 1958940943696}, "(5, 6)": {"piece_type": "YCB", "owner_id": 1958940944592}, "(6, 3)": {"piece_type": "GCW", "owner_id": 1958940943696}, "(4, 6)": {"piece_type": "YRB", "owner_id": 1958940944592}, "(4, 5)": {"piece_type": "YCW", "owner_id": 1958940943696}, "(3, 6)": {"piece_type": "YCB", "owner_id": 1958940944592}, "(4, 7)": {"piece_type": "YCW", "owner_id": 1958940943696}, "(5, 2)": {"piece_type": "GCB", "owner_id": 1958940944592}, "(2, 3)": {"piece_type": "BCW", "owner_id": 1958940943696}, "(3, 2)": {"piece_type": "BCB", "owner_id": 1958940944592}, "(1, 4)": {"piece_type": "BCW", "owner_id": 1958940943696}, "(5, 4)": {"piece_type": "GCB", "owner_id": 1958940944592}, "(3, 4)": {"piece_type": "RCW", "owner_id": 1958940943696}, "(2, 5)": {"piece_type": "BCB", "owner_id": 1958940944592}, "(6, 5)": {"piece_type": "RCW", "owner_id": 1958940943696}, "(4, 3)": {"piece_type": "RCB", "owner_id": 1958940944592}, "(1, 3)": {"piece_type": "BRW", "owner_id": 1958940943696}, "(7, 4)": {"piece_type": "RCB", "owner_id": 1958940944592}, "(5, 5)": {"piece_type": "RRW", "owner_id": 1958940943696}, "(6, 6)": {"piece_type": "YRB", "owner_id": 1958940944592}, "(0, 4)": {"piece_type": "BRW", "owner_id": 1958940943696}, "(4, 2)": {"piece_type": "RRB", "owner_id": 1958940944592}, "(2, 4)": {"piece_type": "RRW", "owner_id": 1958940943696}, "(5, 3)": {"piece_type": "GRB", "owner_id": 1958940944592}, "(3, 1)": {"piece_type": "GRW", "owner_id": 1958940943696}, "(2, 6)": {"piece_type": "BRB", "owner_id": 1958940944592}, "(4, 8)": {"piece_type": "YRW", "owner_id": 1958940943696}, "(7, 3)": {"piece_type": "RRB", "owner_id": 1958940944592}, "(4, 0)": {"piece_type": "GRW", "owner_id": 1958940943696}, "(8, 4)": {"piece_type": "RRB", "owner_id": 1958940944592}, "(3, 3)": {"piece_type": "GRW", "owner_id": 1958940943696}, "(2, 2)": {"piece_type": "GRB", "owner_id": 1958940944592}, "(4, 4)": {"piece_type": "YRW", "owner_id": 1958940943696}, "(6, 4)": {"piece_type": "BRB", "owner_id": 1958940944592}, "(3, 5)": {"piece_type": "BRW", "owner_id": 1958940943696}, "(5, 7)": {"piece_type": "GRB", "owner_id": 1958940944592}, "(6, 2)": {"piece_type": "YRW", "owner_id": 1958940943696}, "(5, 1)": {"piece_type": "BRB", "owner_id": 1958940944592}, "(3, 7)": {"piece_type": "RRW", "owner_id": 1958940943696}, "(1, 5)": {"piece_type": "YRB", "owner_id": 1958940944592}}, "dim": [9, 9]}, "max_step": 40, "step": 40, "players_pieces_left": {"1958940943696": {"RC": 0, "RR": 0, "GC": 0, "GR": 0, "BC": 0, "BR": 0, "YC": 0, "YR": 0}, "1958940944592": {"RC": 0, "RR": 0, "GC": 0, "GR": 0, "BC": 0, "BR": 0, "YC": 0, "YR": 0}}}]